date,AAPL,MSFT,NVDA,AVGO,GOOGL,AMZN,META,JPM,V,MA,JNJ,UNH,XOM,CVX,PG,KO,COST,CAT,WMT,HD
2015-03-31,0.1,2.327193325615e-22,5.131465035728345e-23,0.10000000000000005,0.09999999999999998,0.10000000000000003,0.09999999999999999,7.041059704649163e-23,1.911767886991614e-22,-2.760937147630969e-23,6.469964389336478e-23,0.10000000000000002,1.3107709840314766e-22,0.004759755257799347,2.0969644184774933e-22,0.1,0.1,-1.3118220116067645e-23,0.09524024474220051,0.10000000000000002
2015-04-30,0.1,0.10000000000000003,0.09999999999999996,0.03734535945325856,7.041046050484997e-23,0.07948693725358266,0.1,0.09999999999999999,8.688265611864942e-24,0.07579738166184065,1.4943767266285582e-23,0.06600104928124102,-6.457591843854565e-23,0.09999999999999999,9.578015233779111e-23,0.04719471526101503,4.714706806574106e-23,0.09417455708906218,1.0717320174568918e-22,-1.1333308587007924e-23
2015-05-29,1.535951187175422e-23,0.0812349733554428,0.05139450963048393,0.10000000000000002,-1.6513011087340133e-22,0.1,-1.4233618049335635e-22,0.09999999999999998,0.004601614041955698,-1.1845584312416911e-22,0.017794822672109082,0.1,0.10000000000000002,0.10000000000000002,2.597147967336226e-23,0.1,0.04497408030000841,0.1,2.3483878490691353e-22,7.306599965779426e-23
2015-06-30,-2.741958836957336e-23,0.03171502887950212,-2.04366006637177e-23,0.06167585348034378,-3.606406927700679e-23,0.10000000000000007,0.10000000000000002,0.09999999999999999,0.006609117640154022,0.09999999999999996,0.1,0.09999999999999998,0.1,6.898328785167819e-23,9.392525225254873e-23,0.1,7.313951437972813e-22,0.09999999999999999,6.895129153227074e-23,-2.3622087324097026e-22
2015-07-31,-1.1578109498419122e-22,-1.0003352998115963e-22,-1.0346348348320931e-22,-5.415940808009863e-23,0.09999999999999999,0.10000000000000002,0.1,0.09999999999999996,0.1,0.10000000000000002,0.1,0.10000000000000003,-2.8634002546271114e-22,-4.943258207483535e-22,-1.3494155268732725e-22,0.1,-1.3244197591659586e-17,-1.9813785405381994e-23,-7.634774212706467e-23,0.09999999999999999
2015-08-31,-3.4120484689108084e-23,-1.5147259922280651e-22,0.019033045704588882,-5.736311412469456e-24,0.10000000000000003,0.10000000000000002,-7.937949730619195e-23,2.3106667095159114e-22,0.09999999999999995,-1.5249325249527575e-22,0.1,0.10000000000000005,-5.577378188846073e-24,1.916268303691312e-22,0.1,0.1,0.09999999999999999,0.06808722197952899,0.012879732315882164,0.09999999999999999
2015-09-30,1.0263159815631003e-22,1.664940701959759e-22,0.10000000000000002,4.9574990562131164e-23,0.09625142151101468,0.09999999999999998,-1.688758892448014e-23,-4.607648685639396e-23,0.09999999999999999,2.7956251378701567e-22,0.1,0.003748578488985409,3.25626333355223e-22,1.328444806755081e-22,0.1,0.1,0.1,4.042590593621678e-22,0.10000000000000002,0.10000000000000002
2015-10-30,6.540765984292069e-24,-1.3111309728850347e-22,0.10000000000000003,8.817239434974788e-23,0.020979663425512336,0.052589083242427295,0.06345404208503097,1.4341651553951395e-22,0.08678708589162827,1.4629425948854978e-22,0.1,0.03547464508592393,0.10000000000000002,-2.655070598941641e-23,0.1,0.1,0.1,0.040715480269477126,3.1168930691862437e-23,0.1
2015-11-30,-3.5442221684935583e-23,0.09999999999999995,0.1,-2.682880187090703e-23,0.030274611079234164,0.10000000000000005,0.1,-2.3604885006574068e-23,0.005539212998481182,2.1171538186939784e-23,0.1,-7.167105954656224e-23,-8.25680413368821e-23,0.08002090217565719,0.08416527374662752,0.1,0.1,-5.1313053548389626e-23,-3.2578220014642275e-23,0.09999999999999999
2015-12-31,5.000274164779716e-23,0.07371687130616567,0.09999999999999999,0.09346124334747861,0.10000000000000003,0.09999999999999999,0.010381759180914522,-1.6089519192388594e-23,-3.511008797080046e-23,-8.395847120108342e-23,0.1,0.022440126165441186,5.546992769760415e-23,4.2651780248983537e-23,0.1,0.1,0.09999999999999999,6.702645186143943e-23,3.2217678857006497e-23,0.1
2016-01-29,2.178976524684503e-22,0.09999999999999999,1.9377398400755438e-23,0.0987465534919233,0.09999999999999999,9.200386543343875e-23,4.1224806074334826e-23,9.761771164112525e-23,1.5001369478452768e-22,1.7273519583665787e-22,0.1,0.09999999999999999,0.0012534465080768276,-2.557360141467997e-22,0.1,0.1,0.10000000000000002,1.373227490782027e-23,0.1,0.09999999999999998
2016-02-29,-4.550984025306609e-23,4.9370398186112205e-23,1.6831753964494952e-23,0.06163415126789572,0.09495483759297334,2.227575830809359e-22,-2.4518708450109077e-24,8.560100588031662e-23,-3.9741761754285936e-23,1.7937276357842565e-22,0.1,0.1,0.1,1.5904493009146426e-24,0.1,0.1,0.1,0.04341101113913107,0.1,0.09999999999999996
2016-03-31,4.808220196120093e-23,8.519406460289976e-23,0.03524730421436221,5.680906750734508e-25,0.0647526957856377,-6.243681450942795e-23,-3.69871584760919e-23,-1.4545278933309762e-23,2.2198346793559653e-24,-4.5141546998348904e-24,0.1,0.09999999999999996,0.10000000000000003,6.598055094290967e-23,0.1,0.1,0.10000000000000002,0.09999999999999999,0.1,0.10000000000000006
2016-04-29,9.960041566873635e-23,8.919031631398151e-23,0.1,-5.912463754722199e-24,3.68963614252702e-23,0.09999999999999999,3.772773382194966e-23,7.241521235104425e-23,3.573944849878056e-23,-2.5290113494838004e-23,0.1,0.1,0.1,0.09999999999999999,3.601192887449114e-22,0.09999999999999999,0.07546980511345057,0.1,0.1,0.024530194886549592
2016-05-31,1.1470435158194107e-24,4.7945577656484625e-23,0.10000000000000002,5.69932610762849e-23,8.015098736516296e-24,0.09999999999999996,0.1,0.0874319282113137,4.092529695066427e-23,0.004221898563260001,0.1,0.09999999999999999,0.1,0.09999999999999999,1.4412615483404192e-23,0.05668405525186757,-2.981876324307681e-23,4.29686663067492e-23,0.10000000000000002,0.05166211797355888
2016-06-30,-4.405624217731474e-23,6.497656578679208e-24,0.09999999999999999,1.1761388817110608e-22,2.8887414409924427e-22,0.10000000000000006,0.06716945972195992,-9.299865918546097e-24,-7.445348128784184e-23,1.3036202158506668e-22,0.1,0.1,0.1,0.1,0.1,0.03283054027804,0.1,3.4890223950503896e-23,0.09999999999999999,-2.617773380942048e-22
2016-07-29,0.09999999999999998,0.09999999999999996,0.09999999999999998,-3.236120521794493e-23,0.05682977682944925,0.09999999999999999,3.7098553596230764e-23,1.7590335152433902e-23,2.433610971642083e-23,7.213988882575827e-23,0.1,0.1,1.5965088958105451e-22,-1.1912159531042947e-22,0.1,4.5778856480881934e-23,0.1,0.04317022317055082,0.10000000000000005,1.3951235236084126e-23
2016-08-31,0.10000000000000005,0.09999999999999998,0.09999999999999999,-2.3305101010289314e-23,0.10000000000000003,0.09073530685309332,0.009061081700971045,9.434068505003137e-24,2.285691312967111e-23,2.621377752804971e-24,0.1,-7.012220210628348e-24,-1.787823831955272e-23,-1.7440639084484956e-23,0.1,-3.608265209336804e-23,0.09999999999999999,0.00020361144593552348,0.1,0.1
2016-09-30,0.1,0.1,0.10000000000000002,0.003357385525058202,0.1,0.1,0.0666266073791292,0.1,0.1,0.1,1.3533308734283084e-22,1.6871418710174063e-22,1.0729470309212416e-22,1.3217613276616715e-22,0.030016007095812713,7.854141577578766e-23,1.1423345664131032e-22,0.10000000000000002,2.96718715604166e-24,-2.0667042057429817e-25
2016-10-31,0.10000000000000002,0.1,0.10000000000000005,5.853742467757101e-23,0.024398643552901122,0.07560135644709894,0.09999999999999999,0.1,0.1,0.1,1.4301398329978e-22,-3.2362887226604886e-24,8.992649578183337e-23,0.09999999999999999,0.09999999999999999,-1.1995617754254453e-22,-6.048881471050971e-23,1.941948795858695e-23,2.415086113649845e-22,-1.6664180921571567e-22
2016-11-30,0.09999999999999999,0.09999999999999996,0.09910320024342895,2.276419653814208e-23,-2.5518858221318227e-23,1.4989126362353988e-22,1.5636477750885874e-22,0.10000000000000005,-1.2966290957301626e-22,0.09999999999999999,0.08781638948724968,0.1,0.09999999999999998,0.1,-8.415360908347633e-23,1.9628561302600334e-22,-3.361402314875547e-23,0.09999999999999996,0.0130804102693215,2.2869146520974414e-23
2016-12-30,0.07051933358702797,0.10000000000000002,0.10000000000000009,-1.8048522371797387e-23,-2.2517822893833537e-23,-3.6602300931876127e-23,8.309406840206076e-23,0.10000000000000002,4.7264388757474287e-23,-2.0900030954715504e-23,0.08046031963239694,0.1,0.1,0.1,-5.222049632703628e-24,8.610621741996478e-24,0.1,0.049020346780574986,-9.115503789946206e-24,0.10000000000000002
2017-01-31,0.1,0.0938642518581647,0.0888126134610622,0.09999999999999998,-9.297719084830812e-23,0.0020349694679056567,2.8908288640386817e-23,0.09999999999999998,-1.6352858600684464e-23,6.101462261263683e-23,0.015288165212867483,0.10000000000000007,1.736612790321938e-22,0.1,5.236145870629565e-23,1.6275855828830044e-23,0.1,0.1,7.896767888492825e-23,0.10000000000000003
2017-02-28,0.1,4.006283319317569e-18,6.277027897580774e-19,0.10000000000000005,4.0062813375869e-18,0.1,0.1,0.1,0.1,4.0062257551525194e-18,0.1,4.006263375393428e-18,4.0063219041674085e-18,4.0063388991537254e-18,0.1,4.0061832152460106e-18,0.1,3.640044522759815e-18,4.00647523713937e-18,0.1
2017-03-31,0.1,0.08417734179055314,3.912654337594266e-23,0.10000000000000002,1.4530718310670705e-22,0.1,0.1,1.1976954573469614e-22,0.1,1.6091794616679959e-22,0.1,1.0031290418557187e-22,1.0345175293537139e-22,1.1585398881618376e-22,0.1,-3.3669992560447005e-23,0.0161383553392064,5.735767233039509e-23,0.09968430287024062,0.1
2017-04-28,0.1,2.726170806010947e-22,-3.268094906331254e-23,1.1085679923326544e-22,0.1,0.1,0.1,-7.168959061612449e-23,0.1,0.1,0.1,5.597786989667945e-23,-2.938779327710823e-23,-2.950650087969587e-23,6.940743242590599e-23,0.005139802245480914,0.09486019775451922,-6.479392450080815e-23,0.1,0.1
2017-05-31,0.1,0.08468246690883523,0.10000000000000003,-3.977745371973877e-23,0.1,0.1,0.015317533091164875,-6.871295292335651e-23,0.1,0.1,-1.1574575499128674e-23,-8.31352124727721e-23,7.155618776308606e-23,1.183916838783105e-22,-4.179154854355377e-23,0.1,0.1,-1.2037894253114827e-22,0.1,1.3893703514932825e-22
2017-06-30,7.218254143201822e-23,5.941374579337782e-23,0.10000000000000002,2.4518626415385734e-24,0.1,1.0447585946978779e-22,7.581038780020915e-23,0.038147521142155645,0.06185247885784441,0.1,0.1,0.1,2.9946303071619155e-23,2.508913061661917e-23,5.12303691091463e-23,0.1,1.3122063123947862e-23,0.09999999999999999,0.10000000000000003,0.1
2017-07-31,1.0078932550261351e-22,1.1748027212578378e-22,0.1,4.2441724056970216e-24,4.359810518950748e-23,-4.307783798908132e-23,0.09732699615349298,0.05381538829418892,0.08610601594477504,1.2438509539064507e-22,0.1,0.1,-1.4154159738039956e-22,0.08940093204918237,0.1,0.1,1.7553604710874902e-22,0.09999999999999996,0.0733506675583608,1.5975913652910172e-22
2017-08-31,1.8322103013203513e-23,1.2714384320791116e-22,0.02652401316186708,-2.3029731051732827e-23,7.129784276134159e-23,7.277248258018195e-23,0.1,0.09999999999999996,0.09999999999999999,0.09999999999999999,0.1,0.1,1.3665054879493477e-22,0.1,0.1,0.07347598683813311,-1.7153083834539326e-23,0.1,5.1225035996830086e-23,8.898753045726988e-23
2017-09-29,-3.0606640960597286e-23,0.06631818556552496,0.08425393563827258,-1.9087087749811396e-23,-1.7704180886036565e-24,-7.903849736387426e-23,0.09999999999999999,1.6906852907187486e-22,0.1,0.1,1.616741731267038e-22,0.0827988134260877,1.7889106785760825e-22,0.1,0.1,7.936903784846179e-23,0.06662906537011479,0.09999999999999995,1.9768343658814614e-22,0.1
2017-10-31,4.8350500201126175e-23,0.09999999999999999,0.0609880731054213,4.1084344378172265e-23,0.0411219539525666,-1.081689343772374e-23,3.396207449798528e-23,0.029276230064263605,0.1,0.1,0.008174854156391713,0.09999999999999999,0.06043888872135688,0.1,-4.351639002137274e-23,-9.946784205570852e-23,5.122943100247761e-23,0.1,0.1,0.1
2017-11-30,-9.658938579258065e-23,0.0934764653252875,0.07232254719170868,1.2457854293434441e-22,4.586620488842088e-23,0.10000000000000002,6.722031803931966e-23,0.1,1.165298077698867e-22,0.03420098748300386,1.6619663265085959e-22,0.10000000000000003,4.577291472998815e-23,0.1,7.864276559338042e-23,1.174616950425773e-22,0.09999999999999999,0.1,0.09999999999999999,0.1
2017-12-29,0.05654784080492638,0.1,-6.841883521755174e-23,-1.7879029431852232e-22,-3.1296309799302286e-22,0.10000000000000002,-1.7624592635115082e-22,0.1,0.015293411074060235,-2.617449764573219e-22,0.09969254115407979,0.028466206966933614,-1.1327117251650396e-22,0.1,-2.189561543635062e-22,-1.6705270722738704e-22,0.09999999999999998,0.1,0.09999999999999998,0.1
2018-01-31,1.0848761661423054e-22,0.0603737663881184,0.016267538372984905,7.632743062880446e-23,0.1,0.1,2.9013767400119544e-22,0.1,-1.0631567761529062e-22,0.1,1.0270991318854171e-22,0.023358695238896807,3.0891161533823275e-22,0.1,2.254082603461278e-22,1.296475251630655e-22,0.1,0.1,0.10000000000000002,0.1
2018-02-28,0.1,0.10000000000000003,0.008738750000457311,-4.117216776376707e-23,0.037080824124887286,0.1,-6.367718310337613e-23,0.1,0.09999999999999996,0.1,1.9618795964748712e-23,1.0446780819798604e-22,-3.469487337860437e-23,1.359654117518525e-23,3.3603382620699146e-22,0.1,0.1,0.10000000000000002,0.05418042587465553,2.664245410527415e-23
2018-03-29,0.07747572071661084,-1.5722127553529612e-22,-6.076218579814419e-23,3.833398759813059e-23,-1.349766829646484e-22,0.1,-2.5687865401070947e-23,0.1,0.09999999999999999,0.1,0.03608796038373391,0.10000000000000002,0.05627254717803221,-1.1117398168037646e-22,0.1,0.1,0.09999999999999999,-3.194851825284055e-22,0.030163771721623014,-3.3363948189346893e-22
2018-04-30,0.0649789541971358,1.6454410561742396e-22,-1.2421089215027403e-22,0.04215175327738399,-4.732954319489718e-23,0.1,-1.8915141130504797e-22,-1.2554129742428524e-22,0.07345727277386417,0.1,0.040668214464808755,0.09999999999999999,0.07874380528680733,0.1,0.1,0.1,0.10000000000000002,-1.6474590559569534e-23,2.4582797750467025e-23,-3.361717377331646e-23
2018-05-31,0.09999999999999994,-3.1559400545619885e-24,-7.958690523121964e-23,0.023797116733743795,5.729648123938753e-23,-8.433009404096321e-23,-4.075596620225074e-23,7.108656195219457e-23,0.09999999999999999,0.09999999999999999,-1.153327516223022e-23,0.09999999999999998,0.1,0.09999999999999998,0.1,0.1,0.1,2.5954697465925762e-23,-1.9052782933988301e-22,0.07620288326625638
2018-06-29,0.07199060070239158,2.705433853817692e-23,-2.2034460153384108e-23,3.2285007722765407e-23,5.649591073043901e-23,0.09999999999999999,0.1,-1.760977425163792e-22,5.939909995467949e-23,0.10000000000000002,5.707916508044781e-23,0.09999999999999999,0.09999999999999996,0.09999999999999999,0.045238519103055284,0.056818126744012876,0.1,-5.300806653367299e-23,0.02595275345054023,0.09999999999999999
2018-07-31,-1.1196998437605806e-22,0.09999999999999998,7.305137044094026e-23,-3.510790897135727e-24,0.09999999999999998,0.09999999999999999,-1.835138398494715e-23,0.03310997710972552,-3.158640338954705e-23,-5.438701198795024e-23,0.09999999999999999,0.10000000000000005,0.025241572634403527,2.341831014930751e-24,0.1,0.1,0.1,1.1766649613450069e-24,0.04164845025587102,0.1
2018-08-31,0.10000000000000003,0.1,-1.9647152532880506e-23,-4.1094825058350226e-23,-2.7116761407052093e-23,0.09999999999999999,-2.7748433781854597e-23,-1.6254872854427636e-22,0.1,-8.151777064713103e-23,0.10000000000000002,0.1,-6.02715736067848e-24,2.368501746507692e-23,0.1,0.06678694942731207,0.1,3.0943157923178563e-23,0.10000000000000002,0.03321305057268803
2018-09-28,0.09999999999999999,0.09999999999999999,0.09999999999999998,0.007582018669947793,-2.424961324173592e-22,0.10000000000000002,-6.167045324663104e-23,0.08976113088884032,0.08977645282681695,-3.9040745664871312e-22,0.10000000000000002,-2.951703415759101e-22,2.7612892246285806e-22,-9.947828862644227e-23,0.04678647914119116,-8.733392157815501e-23,0.1,0.04433090774328686,0.09999999999999998,0.021763010729916942
2018-10-31,0.09999999999999999,1.961582331467272e-23,7.106695507246176e-23,0.03848590492233966,-3.7858985729022285e-23,1.1294959535612508e-22,1.4079199478838914e-22,0.08256901924235018,0.07894507583531025,1.144694694892795e-22,0.1,0.09999999999999999,0.1,-8.425136171133885e-23,0.09999999999999999,0.1,0.1,-9.150415956042732e-23,0.09999999999999999,-5.59512110995371e-23
2018-11-30,-1.2072012999087668e-06,-2.721331343391959e-06,-1.156809885836236e-06,0.09999881242698448,-4.7435881812750375e-06,-1.7009852870348221e-06,-1.0601717507152973e-06,0.10000077696515879,-2.3852683375876436e-06,-1.530100028974379e-06,0.10000363338990632,0.0999996525543149,0.10000035698477483,0.10000105695756568,0.10000410838699465,0.10000462130951421,0.10000059505203876,-1.1772495738990082e-06,0.10000365686757756,4.085750475983724e-07
2018-12-31,1.0471255361907934e-22,7.340246971290089e-23,6.234624775134718e-23,0.10000000000000002,0.009209214011297671,-3.687665673461666e-23,-1.704229763646954e-23,0.1,-8.85983283588156e-23,5.75911738823287e-23,0.10000000000000002,0.10000000000000002,0.023899388939484636,0.10000000000000002,0.10000000000000002,0.1,0.0896954193018366,3.4730583432638833e-23,0.1,0.07719597774738118
2019-01-31,1.4319926567155382e-22,1.2709710083702505e-22,-7.908988206530604e-23,0.09999999999999998,0.020010827977081685,8.270649935816883e-23,0.07998917202291833,0.1,2.165449731316258e-22,6.87917763192135e-23,0.10000000000000002,0.10000000000000002,5.711447386323949e-22,0.09999999999999998,0.1,0.1,6.896415242534926e-22,1.525515483130317e-22,0.1,0.1
2019-02-28,-8.474467768377407e-23,1.4805164693293176e-23,3.7806638379074526e-23,0.09999999999999999,-6.14219145399064e-23,-2.3574247363049142e-23,0.04898875884119177,0.1,9.258292622011641e-23,0.09999999999999999,0.07287105769385956,8.773878856414117e-23,0.10000000000000002,0.07814018346494872,0.1,0.10000000000000003,-6.232665856457297e-23,-2.1780591114395322e-23,0.1,0.09999999999999998
2019-03-29,-1.351750865530615e-23,0.029713208802237222,-1.6252032150976173e-23,0.05159792974355042,2.083028729160537e-22,-2.4264039617482934e-23,0.07569319125459582,5.797846568937286e-22,0.10000000000000002,0.1,0.1,2.163860866588819e-22,0.1,0.04299567019961666,0.1,1.8963540230134053e-22,0.1,4.75928517656954e-23,0.1,0.1
2019-04-30,0.1,0.1,-5.1989576028221497e-23,0.10000000000000002,9.821712474696192e-23,0.09272857208021607,0.10000000000000002,2.5156893990465603e-22,0.1,0.1,4.519871411401233e-22,7.32507497320419e-23,1.829665380308836e-22,2.3050914302620125e-22,0.1,1.193060561747177e-22,0.1,1.4040927673488724e-22,0.1,0.007271427919784046
2019-05-31,-2.320260006370333e-23,0.09999999999999999,1.412718566288336e-22,2.731383270623829e-23,9.380912049931065e-23,7.101139437922662e-23,0.0397935476362691,0.06900749895707109,0.1,0.09999999999999998,-1.4154514333592784e-22,0.09119895340665983,-2.1308377315359745e-22,4.2706836830003184e-23,0.1,0.1,0.10000000000000005,-1.4015518412651859e-22,0.1,0.10000000000000003
2019-06-28,-7.840062664270635e-24,0.0038939461664775467,-2.2314875030793462e-23,5.718930294153444e-23,-1.471216387823447e-23,2.519348753041245e-23,0.08732978921936473,0.10000000000000003,0.10000000000000002,0.07130807686895453,0.040003864847547387,0.04946795680202852,-1.5961442155006704e-23,0.04799636609562733,0.10000000000000002,0.1,0.1,-3.466122995294253e-24,0.1,0.09999999999999998
2019-07-31,5.396400039742537e-23,1.244694374491801e-22,-8.665493833968097e-25,-5.5184964393872444e-24,6.51700476100271e-23,8.387370874076276e-23,5.802896425423823e-23,0.10000000000000016,0.09999999999999999,0.1,2.373429152160725e-22,0.10000000000000002,1.1438953814710014e-22,0.09999999999999999,0.09999999999999999,0.1,0.1,8.41675156682422e-23,0.1,0.09999999999999996
2019-08-30,0.09999999999999999,-4.047384140999648e-23,2.2823337049337206e-23,2.3830333110957797e-24,0.1,2.1164769568172953e-23,0.061170176107446995,-1.4575873526055972e-22,0.0961229301529859,-9.471746799602314e-23,0.07149055145802245,-9.598906869977019e-23,2.9056071784104156e-24,0.07121634228154451,0.1,0.1,0.10000000000000003,-3.5694568962830165e-23,0.10000000000000002,0.10000000000000002
2019-09-30,0.09999999999999998,3.6938706483108997e-22,5.469413562049913e-23,1.830565570430708e-22,0.10000000000000019,5.337962960857483e-22,4.541056973647293e-22,0.09999999999999999,4.3143874669742925e-22,2.3727306306175604e-22,0.1,4.494971369377994e-22,4.871740349070326e-22,0.1,0.1,0.1,0.1,3.641704895476192e-22,0.09999999999999999,0.1
2019-10-31,0.1,2.8090536040831786e-22,0.05115389876704982,9.081457186199332e-23,2.868561022294853e-22,3.0803526926229676e-22,1.4219928072228038e-22,0.1,2.7909937185987065e-22,2.165539969452599e-22,0.09999999999999999,0.06664281702271004,1.244622448878003e-22,2.475352538023606e-22,0.1,0.1,0.09999999999999998,0.08220328421024037,0.1,0.1
2019-11-29,0.1,0.1,0.10000000000000002,0.007425554892821713,1.8849064596408135e-23,-3.652494696256453e-23,4.512091692580121e-23,0.1,1.8303720051958764e-23,1.9100208287924648e-23,0.09999999999999998,0.09999999999999998,7.568577814947315e-23,7.546453992626415e-23,0.10000000000000003,7.295925984515028e-24,0.09257444510717831,0.10000000000000005,0.1,-3.529541781292071e-23
2019-12-31,0.1,0.1,0.1,0.00046432620474336927,0.013892014559622098,6.540496042501016e-23,0.09999999999999999,0.1,2.7993713550117706e-24,-5.479784962546196e-23,0.08564365923563454,0.1,-7.464858343704019e-24,9.704687736357401e-23,0.1,0.1,-7.788488083949129e-23,0.10000000000000002,-1.5953942785279283e-23,-7.038876826673421e-23
2020-01-31,0.09999999999999999,0.1,-2.2230390515666393e-23,-4.1365617064059094e-23,0.1,0.1,-2.93816966458324e-23,-1.3103305974299445e-22,0.09999999999999998,0.09999999999999999,0.1,0.060190590505400196,-2.176495610660285e-22,-1.437321265445721e-22,0.1,0.1,0.039809409494599955,-1.438508032496527e-22,-1.6848606024172145e-24,-2.5493841675149683e-23
2020-02-28,-1.4243180575076942e-22,0.09999999999999998,0.09999999999999998,-1.838023299498937e-22,0.09999999999999999,0.10000000000000002,0.004543774841973848,-3.9116441868308465e-22,-2.0841974736126725e-22,-1.5927623242604728e-22,0.1,6.72039097395562e-23,-1.0647184026083727e-22,-3.7017255314640335e-23,0.09545622515802621,0.1,0.10000000000000002,-3.3103891972545753e-22,0.1,0.1
2020-03-31,-1.3684316864967446e-06,-1.3060307245190696e-06,7.571567254538783e-07,6.020053015767288e-07,0.10000069018149974,0.0999996924562423,0.10000045900253365,4.016046042547499e-07,0.09999789777313609,1.867866042831569e-06,0.09999967702146131,2.900507650020877e-07,-1.5193981663064888e-06,4.384510464468749e-07,0.10000039277765126,0.10000040751438322,0.10000079849764124,0.1000004051193106,0.10000014719629977,-7.307919591578445e-07
2020-04-30,4.875998270410273e-22,4.0371923751082065e-22,9.803986327960477e-23,-8.968165460590831e-23,0.10000000000000002,0.1,0.1,-4.871128513701027e-24,2.7857446587922195e-22,2.137901674165431e-24,0.1,1.699297284814921e-22,0.10000000000000012,-9.096493413169584e-23,0.09999999999999998,0.09999999999999999,0.1,0.09999999999999998,0.1,7.586859395825501e-23
2020-05-29,0.07560948294497966,2.4872284912739235e-22,2.5668303404663103e-22,3.00022043797224e-23,0.09999999999999999,0.1,0.10000000000000002,1.2558550198144926e-22,1.486192817774482e-22,-6.423805127393877e-23,0.1,2.5775015400129983e-22,0.05590695423097154,1.4334274065552262e-23,0.09999999999999998,0.10000000000000002,0.1,0.06848356282404887,0.1,1.6710622643406995e-22
2020-06-30,0.09999999999999998,0.1,0.010125249346859098,0.05427746584460609,-2.3782059660179172e-23,0.10000000000000002,0.09999999999999998,0.018847529616412253,3.388911882769723e-23,-5.667644133635562e-23,0.1,0.01674975519212271,-3.225600289737729e-23,-3.200441044578738e-23,0.1,3.2677561722577944e-23,0.1,-4.9555915137534496e-23,0.1,0.09999999999999998
2020-07-31,0.1,1.9232243462108955e-22,0.10000000000000002,0.09999999999999999,1.336476367904415e-23,0.1,0.019641757270835218,-6.320789586648041e-23,1.6060780223690592e-23,3.496389920086341e-23,0.1,5.999018745039858e-23,-4.360646627206937e-23,-6.990940893237033e-23,0.1,0.0007152433658885502,0.1,0.07964299936327625,0.1,0.10000000000000002
2020-08-31,0.10000000000000002,0.03291897054837675,0.1,-2.100959903054881e-23,2.6045908915012842e-23,0.10000000000000002,0.03385846886143511,-1.2261410855412427e-23,5.322671863364334e-23,0.07125328499663362,0.1,1.2106808971955538e-22,9.367644779695243e-23,6.508441885248484e-23,0.1,0.03681294623147151,0.1,0.025156329362083087,0.09999999999999998,0.1
2020-09-30,0.04830787992239523,4.151295113822041e-23,0.008683036795209006,0.05737704069480526,5.804043532686313e-23,1.1659530599128564e-23,0.030517087634621968,0.06613494775630106,-5.394242042852755e-23,0.03549430519284783,0.1,0.05348570200381976,6.663554434415307e-23,-4.9241717792727244e-23,0.1,0.1,0.1,0.09999999999999999,0.09999999999999998,0.1
2020-10-30,2.855286938942963e-23,-2.8251510269618736e-23,-6.433629216563026e-23,0.06689792384526334,0.04275460940037593,-1.0035762113667069e-23,1.882917371079172e-23,0.1,2.3185510535855537e-22,5.888158901665439e-23,0.1,0.0903474667543609,-5.353996960908181e-23,6.722131595156297e-23,0.1,0.09999999999999999,0.1,0.09999999999999998,0.1,0.09999999999999999
2020-11-30,3.9143283399147855e-08,2.4174884998333713e-07,1.940143003117309e-07,0.10000018737517735,4.651124442484905e-08,2.468639583593089e-07,1.9304584137124872e-07,0.09999979527405554,-3.4138927782741e-07,-1.499151315145174e-07,0.1000018844743141,0.09999949444115774,-1.1974280605177796e-07,-6.972741267773009e-08,0.09999938761512231,0.09999898226158166,0.10000000893478805,0.0999998064606479,0.09999994877743767,0.10000022421469672
2020-12-31,0.09782229947521676,1.5229203229339842e-23,-1.4479536344358426e-23,0.1,0.09999999999999999,-7.173973512898377e-24,-2.8934968546106296e-23,0.1,-5.019896247283978e-23,-2.420208400552426e-23,0.1,0.055048702732916906,0.012492783632169121,-1.0715271004784257e-22,0.03463621415969737,0.09999999999999999,0.1,0.10000000000000002,0.1,6.867691691434366e-23
2021-01-29,0.09999999999999999,0.10000000000000002,1.3954844440809598e-23,0.10000000000000003,8.605945223748521e-24,0.06956268872056791,2.7905114833418087e-23,0.10000000000000002,3.800387613421654e-23,2.35754333345237e-23,0.1,0.030285895861146002,0.1,-3.1549937601290725e-24,1.0238735053457443e-22,1.2986189062724097e-22,0.1,0.09999999999999999,0.00015141541828614453,0.1
2021-02-26,0.06438041405180474,0.10000000000000003,1.035171693150027e-23,0.09999999999999998,0.1,-2.380002202468932e-23,-7.001245457777235e-24,0.09999999999999998,-5.119275300263599e-24,-6.594143849733609e-23,0.1,0.07437332202248839,0.1,0.09108339794561912,-8.203585709233633e-23,-6.319967611323877e-23,2.1117231526403978e-23,0.09999999999999998,-3.22372885740037e-22,0.07016286598008768
2021-03-31,-9.68025216750422e-24,0.10000000000000003,4.3063287199000205e-24,-1.7759869031868206e-23,0.08490532057241441,-2.224638712025731e-23,0.08598677772451406,0.09999999999999998,-3.696823902953007e-23,1.018757075891667e-23,0.1,0.10000000000000002,0.10000000000000003,0.09999999999999998,-5.265602376770695e-23,0.0291079017030715,1.4022507516538274e-25,0.09999999999999999,3.7649801165648766e-23,0.09999999999999999
2021-04-30,9.391715875421099e-23,3.2224840120212183e-22,2.2420719702502412e-23,3.5108792958740513e-23,0.1,2.125114997749375e-22,0.1,0.1,0.1,1.4650864554250385e-23,2.291182174465363e-22,0.09999999999999999,0.09999999999999999,0.03846745269423217,0.011652272095424104,0.1,0.04988027521034383,0.10000000000000003,1.9554520272909262e-22,0.09999999999999999
2021-05-28,-8.487912121877743e-23,-3.72770343023237e-23,0.09374638916571601,-4.6340449055043446e-23,-8.01468386152983e-23,-2.3401748653395816e-22,0.10000000000000005,0.06843023112795131,-1.43992554931275e-22,-7.893635927053435e-23,0.1,0.1,-1.789395444937347e-22,-2.0891077757336437e-22,0.1,0.1,0.1,0.1,0.03782337970633263,0.10000000000000005
2021-06-30,5.05085709021233e-23,0.09999999999999999,0.09999999999999998,5.75129143715133e-23,0.049552457294266744,0.1,0.025030180617596185,5.925030731911244e-23,0.10000000000000003,3.3483187698532255e-23,0.1,0.1,0.10000000000000002,2.637442202045887e-23,0.009157897002309583,0.1,0.1,1.0446051709174097e-22,0.016259465085827516,5.266790327391621e-23
2021-07-30,0.09999999999999999,0.10000000000000002,0.09999999999999996,1.72021044478363e-23,0.10000000000000003,9.625484833238707e-24,0.034239897888933356,5.103055727756938e-23,0.07669484096815563,-4.1674119672766394e-23,0.1,0.02090778524819132,4.2186031513823643e-23,6.732254571399457e-23,0.1,0.1,0.1,1.3070402480883156e-23,0.06815747589471984,1.6913668793791553e-23
2021-08-31,0.1,0.1,0.10000000000000006,7.202370637253575e-23,0.1,0.07314397433482092,0.0435529104543142,7.177669079163186e-23,1.1829779784633353e-23,4.882805943439998e-23,0.08330311521086481,0.1,-6.837769805238225e-23,3.946741689687802e-23,0.1,1.0252898086112562e-22,0.1,4.476412314431325e-23,0.1,2.1347818103976777e-22
2021-09-30,2.70163802392078e-23,0.09999999999999998,3.4404060543708466e-23,0.09999999999999996,0.10000000000000003,4.968208485463394e-23,1.4491515207114545e-22,0.10000000000000002,1.7379756195600388e-22,-1.653148691719185e-22,0.1,6.623739205026424e-23,3.5765123830726426e-23,0.03303427332619305,0.1,0.06696572667380693,0.10000000000000002,1.375279505169943e-22,0.1,0.1
2021-10-29,4.459016479309296e-23,0.09999999999999999,0.07970294257803498,9.531945925376696e-23,0.030967361987584163,8.227559150299289e-23,5.1110623514057337e-23,0.1,5.827874120279974e-23,-1.450944141714907e-22,9.987098529615431e-23,0.1,0.10000000000000003,0.1,0.1,1.7350127662436428e-22,0.09999999999999998,-5.2873141127494184e-23,0.0893296954343809,0.10000000000000003
2021-11-30,0.10000000000000002,0.09999999999999998,0.09999999999999999,0.10000000000000002,5.87572895158199e-23,3.038701639655694e-23,-3.950361731134287e-23,0.008313041765301418,-9.844030878551118e-23,-6.571008544558848e-23,-3.491240345186132e-23,0.04099446138255939,0.09999999999999998,0.09999999999999999,0.1,-2.051251433668112e-23,0.09999999999999998,4.444844917267535e-23,0.05069249685213916,0.09999999999999998
2021-12-31,0.10000000000000002,0.005149625508428816,0.049071154682543215,0.10000000000000002,7.407244939210454e-23,1.259153963573626e-22,8.0731901060807e-23,2.3319119639832483e-22,1.0512987662716843e-22,7.097903241320201e-23,0.1,0.09999999999999998,1.0254635179373632e-22,0.1,0.1,0.1,0.1,1.4909763534162584e-22,0.04577921980902807,0.10000000000000002
2022-01-31,0.09999999999999998,7.826437627701698e-23,-5.746171343786525e-24,0.051563907594594956,1.9411064210753782e-22,-3.577452154021688e-23,3.4043710630087024e-23,-1.1110291987469947e-22,-4.9414177728114883e-23,0.06590341001044449,0.1,0.09999999999999999,0.09999999999999999,0.1,0.1,0.1,-1.2335281237039546e-23,0.07741997924951448,0.04682732631801018,0.058285376827436106
2022-02-28,-6.222038859987954e-25,6.428344259241825e-23,-6.635171915578466e-23,0.06224878568036737,-2.6028176364647556e-23,-5.598505899552983e-24,-2.319821403362885e-23,3.9354440854447255e-23,0.0782106349549883,0.09999999999999999,0.1,0.1,0.10000000000000006,0.1,0.1,0.1,7.595544006992807e-23,0.05954057936464424,0.1,3.47019112023093e-22
2022-03-31,1.2312712641826714e-23,3.831774212158396e-23,2.698745163886387e-24,1.2823740687335818e-24,8.175458270841954e-23,0.011065476795563533,2.7383777675571105e-23,9.42534587370081e-23,0.09999999999999999,0.01760986716562569,0.1,0.09999999999999999,0.09999999999999999,0.10000000000000003,0.07132465603881087,0.1,0.09999999999999999,0.09999999999999998,0.1,3.67149392611229e-23
2022-04-29,4.882967182808116e-22,1.9095550187958855e-22,-9.371213107267189e-23,0.03392321556349478,2.525831725884528e-22,7.718673056514518e-23,-3.818270926289493e-23,4.0966999783263834e-22,8.90107440393215e-23,0.06607678443650518,0.1,0.1,0.10000000000000002,0.09999999999999999,0.1,0.1,0.1,0.09999999999999999,0.1,4.450928026500188e-22
2022-05-31,6.858154190239806e-23,2.1462448879562587e-23,5.578405076042124e-23,-2.4495020318125126e-23,1.460312863850045e-22,8.965173495934225e-24,8.086877241969937e-23,0.10000000000000003,0.011433220244641721,0.1,0.1,0.1,0.1,0.1,0.1,0.1,-8.58191179644556e-23,0.10000000000000002,0.08856677975535826,-2.0269459328471994e-23
2022-06-30,3.2614218134175875e-23,-2.1815490619010303e-23,-2.730526518203925e-23,-9.008639623501579e-23,-3.4415515908227456e-24,-9.731592331283421e-23,-1.0556428428431731e-22,0.09999999999999999,0.07634480521020812,-2.0931996910415646e-22,0.1,0.1,0.10000000000000002,0.09999999999999999,0.1,0.1,-4.6658872137104336e-23,0.02365519478979203,0.09999999999999999,0.09999999999999999
2022-07-29,-1.8181005242566544e-22,-2.6014778589850682e-22,-1.0243995155146033e-22,-7.968125811436693e-23,-9.671825044643842e-23,-7.934884531528882e-23,9.16443859122261e-24,0.07381331895123713,0.10000000000000002,0.02618668104876294,0.1,0.09999999999999998,0.09999999999999999,0.09999999999999998,0.1,0.1,-4.2299878746303006e-23,2.735136902598487e-23,0.1,0.09999999999999998
2022-08-31,0.10000000000000002,1.464444475676773e-23,-4.027433965003166e-23,-6.55069951324319e-23,-5.327396674548802e-23,-8.92921348708796e-23,-3.4057802993977834e-23,6.840268079047782e-23,0.07175872363333671,-2.112597494224442e-22,0.1,0.09999999999999999,0.10000000000000003,0.0282412763666634,0.10000000000000002,0.1,0.09999999999999999,-8.076242890733679e-23,0.10000000000000002,0.10000000000000002
2022-09-30,0.019685339732039116,-1.0632140236196943e-23,1.3460105940263245e-22,1.6674032589204956e-22,1.0523468417423399e-22,-3.695150725791632e-23,1.285314748228135e-22,8.392255693338784e-23,0.10000000000000002,1.5134467989513163e-22,0.1,0.09999999999999999,0.09999999999999998,0.10000000000000003,0.1,0.1,0.080314660267961,-9.363340318744334e-23,0.09999999999999998,0.09999999999999998
2022-10-31,2.8335479277654585e-07,1.901657323670226e-07,-2.8434564850242788e-08,5.630556226705059e-07,-1.837302239115188e-07,2.8063101888081948e-08,-8.675602591306522e-08,0.10000045666778241,0.10000218514181027,-3.2818175108051542e-06,0.09999976776305561,0.09999953832547007,0.09999986589910041,0.10000016165707516,0.10000020650880032,0.10000027377493019,4.3794106232314514e-07,0.09999972877198147,0.09999953019172321,3.6362857405497836e-07
2022-11-30,3.1866425615717974e-23,8.153729040062124e-23,4.893762617356825e-23,-2.411121671304258e-23,3.633412509140706e-23,-1.075287179351935e-22,-3.533537839268913e-23,0.10000000000000003,0.08500851593373965,6.45282522124825e-23,0.1,0.10000000000000002,0.10000000000000002,0.10000000000000002,0.1,0.1,-1.4364546358892196e-22,0.10000000000000003,0.1,0.014991484066260224
2022-12-30,-5.33061162466698e-23,-3.597269607938019e-23,-3.446949757084973e-24,5.253913861368582e-23,5.9912283969172504e-24,-6.942211939904258e-23,-3.129019263177135e-26,0.09999999999999999,0.10000000000000014,-1.7736084967369577e-22,0.1,0.1,0.1,0.1,0.1,0.1,-3.212529301577374e-23,0.09999999999999998,0.10000000000000002,-8.591296719338068e-23
2023-01-31,9.926966644420167e-23,9.739035777329193e-23,1.9820236315160125e-23,0.05923823442441388,7.768936752067812e-23,-1.8538663053205168e-24,0.1,0.1,0.10000000000000002,2.0566701605202514e-22,0.1,0.04076176557558637,0.09999999999999995,1.0487024941225451e-22,0.1,0.1,1.8850706500549996e-22,0.09999999999999999,0.1,4.6076726284881916e-23
2023-02-28,-5.260963858855623e-24,-8.209515832829288e-23,0.04850950313426726,0.09175151284795996,-1.0723307581655755e-22,1.0193758686928428e-22,0.09999999999999996,0.1,0.09999999999999999,-2.1523879108188588e-23,-2.5604056753606795e-22,0.10000000000000003,0.1,7.470024268245003e-23,0.1,0.1,-1.5684072146260213e-22,0.09999999999999998,0.05973898401777274,-1.792914865393989e-22
2023-03-31,0.1,0.09976672924086709,0.09999999999999999,4.9463627929398153e-23,-2.8197960423369533e-25,1.484080915288144e-23,0.1,5.359215641183926e-23,0.1,-1.5300854795622384e-23,-1.7850363079616726e-23,0.1,0.09999999999999996,1.2578617842633772e-23,0.1,0.1,0.0002332707591329932,1.976497584107863e-23,0.1,-4.163617544049717e-23
2023-04-28,0.1,0.10000000000000003,0.09999999999999998,6.546757466331924e-23,4.4503868667061835e-23,9.826992550513976e-23,0.08992902272840547,2.4453671565925383e-23,0.01007097727159461,1.5277983897906717e-23,0.10000000000000002,0.09999999999999999,0.09999999999999999,4.745757124545936e-23,0.1,0.1,1.5579826096627372e-22,-4.2189087424885575e-23,0.1,-1.2169882753484512e-23
2023-05-31,-1.5297730719172736e-22,0.10000000000000003,0.09436876659182766,0.06037751537457641,0.1,0.10000000000000003,0.0895409636473465,-2.0004832369393175e-23,-3.9925475976713696e-23,3.4983160055499636e-24,0.1,0.05706709509020809,2.654979670260682e-23,9.424919894002303e-24,0.09864565929604106,0.1,-1.237170229702979e-23,1.3070158823325925e-22,0.1,-1.041111460421623e-22
2023-06-30,0.09999999999999999,0.005093602709002439,0.07063042954370136,0.10000000000000003,0.020493527544868273,0.10000000000000002,0.10000000000000002,0.09999999999999996,-3.7467847608931437e-23,1.4644636178095327e-23,0.1,1.0515083658649874e-22,1.145270314353103e-22,3.1787544419830617e-23,0.1,2.0752549828479195e-22,0.0037824402024279687,0.1,0.1,7.795225475341714e-24
2023-07-31,6.583862296496563e-23,-9.783719424922284e-23,0.07846059189386322,0.10000000000000003,0.09999999999999998,0.1,0.10000000000000003,0.1,-2.4325831781985504e-22,-2.319867000161082e-22,0.1,0.02481448069552666,-5.380712467499416e-25,0.09091616081157591,-9.358880516863374e-23,-1.898541814704079e-22,0.08608031425754124,0.1,0.007192518305206264,0.012535934036286549
2023-08-31,1.367045005068178e-22,8.758733897857114e-23,0.1,0.013301985832619477,-4.3237265635492193e-23,0.041382663274576785,5.64482652963153e-23,1.5959265142806507e-22,0.1,0.09999999999999999,0.1,7.371332743075084e-23,0.10000000000000003,3.0808067444579322e-22,0.1,2.6135767396992283e-22,0.045315350892803724,0.10000000000000002,0.1,0.10000000000000002
2023-09-29,1.6900437550314706e-22,-2.2164780488702304e-23,0.0523740721567253,-6.847184970541093e-24,0.10000000000000003,-2.2555618382537376e-23,1.49236892549113e-24,2.801133947373778e-23,7.720925180335256e-24,0.06612983684340666,0.09536293085333944,0.1,0.1,0.10000000000000002,5.751821564306208e-23,-2.333128343593674e-23,0.10000000000000002,0.10000000000000002,0.1,0.08613316014652854
2023-10-31,0.10000000000000003,0.10000000000000002,-2.3940255548018577e-23,0.0021559821803235736,0.021746584585245556,8.395608574902188e-23,-7.308321070017895e-23,-5.99114857745096e-22,0.10000000000000002,0.03646286288852986,-2.504914119904564e-22,0.09999999999999999,0.10000000000000003,0.039634570345901024,0.1,0.09999999999999998,0.1,3.3387671817164984e-22,0.1,7.546097192402946e-23
2023-11-30,0.10000000000000002,0.09999999999999998,-5.7789687119134e-23,-2.1388709463672407e-23,1.2556466836161837e-23,1.3731348652851458e-24,0.09264380283591349,0.1,0.1,3.648753490095193e-24,0.09539151436173608,0.09999999999999999,-4.935728579482585e-23,1.0633015553962623e-22,0.1,0.10000000000000002,0.10000000000000002,3.472091602512348e-23,0.011964682802350425,-4.10801786532022e-23
2023-12-29,0.07862750585333578,0.1,-7.947420554689878e-23,0.09999999999999999,-4.7153750440840427e-23,0.0985158079999841,-1.8173623824607533e-22,0.1,0.1,-1.6679890514570907e-22,-1.9586650494709545e-22,0.1,-6.928723336914655e-23,-2.352105639614756e-24,-2.3172584782363894e-22,0.1,0.09999999999999998,0.022856686146680173,-6.696814949628869e-23,0.09999999999999998
2024-01-31,1.4424475407687754e-22,4.2275895996755755e-22,0.10000000000000003,0.08012974101984877,2.420881643046257e-23,2.246034187402034e-22,0.1,0.1,0.1,0.1,0.08956266555915808,1.249931599633898e-22,1.3440164061349462e-22,3.1320141400474434e-22,0.03030759342099318,7.200895313719226e-23,0.1,0.09999999999999999,9.060406932596245e-24,0.09999999999999998
2024-02-29,-2.999268715506271e-23,-1.885949108538305e-22,0.09999999999999998,0.09593780568431999,-2.4297354345799128e-24,2.306794010790031e-23,0.09749591249348341,0.1,8.514928997176663e-23,0.1,0.006566281822196633,8.796991024654956e-23,1.5793266273201848e-22,3.9346337536765794e-23,0.1,1.4376360335557157e-22,0.1,0.10000000000000002,0.1,0.1
2024-03-28,-4.81817285310499e-23,0.025941273577127503,0.09999999999999998,6.379975192655504e-23,0.0026192122585691076,-5.282808584665637e-23,0.07037706423500133,0.1,2.3564426003158253e-22,0.1,1.5905349389160615e-22,7.790603569759908e-23,0.1,0.0432407273456348,0.1,0.1,0.022594810755315546,0.10000000000000002,0.1,0.03522691182835182
2024-04-30,6.0650424480245115e-22,2.6182307281499e-22,0.1,1.3690414201397824e-23,0.09999999999999999,2.6061837868144067e-22,1.4816619589499735e-22,0.09999999999999999,9.392182651621573e-22,7.895230706677883e-22,1.120318084058364e-21,0.05817894852485001,0.1,0.1,0.1,0.1,0.041821051475149924,0.10000000000000002,0.1,3.5705408131609423e-22
2024-05-31,0.09999999999999999,-1.5121599693706537e-21,0.10000000000000002,-5.378806839871614e-22,0.1,-1.4284743466230425e-21,-6.765984691848393e-22,0.10000000000000002,-2.6621375162768506e-21,-2.8373911530530762e-21,-1.797170538469193e-21,0.09999999999999974,0.1,0.1,0.1,0.1,-1.126570487132199e-21,-9.497705568259381e-22,0.1,-1.3245290305666295e-21
2024-06-28,0.1,0.032214172632124484,0.09999999999999999,0.0047805488365571126,0.10000000000000002,0.0113225607758225,2.5663568429017452e-23,0.09360749340753492,-1.8815631756765183e-23,-5.852476236436698e-23,0.021230592107348033,0.09999999999999998,0.03684463224061292,7.094591456332236e-24,0.1,0.1,0.1,-4.255238228125147e-23,0.10000000000000002,2.862638840273457e-23
2024-07-31,0.10000000000000005,2.315033871747374e-22,0.1,0.04405394283347314,2.9049848704920394e-22,1.9876897077485872e-22,1.4510233763446367e-22,0.10000000000000003,3.1572453257112895e-22,1.5595971629413112e-22,0.10000000000000002,0.10000000000000006,0.1,4.0452539071663848e-22,5.345232403031688e-22,0.1,0.10000000000000002,1.5988682252482494e-22,0.1,0.055946057166526696
2024-08-30,0.10000000000000003,-9.146213472889019e-23,-2.3484407146530996e-24,0.04672495813456825,-1.0891872329652498e-22,-8.01919135298189e-23,0.04273698676889394,0.10000000000000003,-3.0686046909326083e-23,0.015218616952416678,0.1,0.09999999999999996,0.09653860871042579,-3.2620456731209065e-23,0.1,0.1,-1.31373573876202e-22,-1.042709663857847e-23,0.1,0.09878082943369526
2024-09-30,0.026045221292340423,1.1218444598660962e-22,-1.0781376685548187e-23,-3.645661278516634e-24,-2.3575913870915598e-23,4.1482484980090446e-23,0.10000000000000002,1.5136214891042363e-23,1.0337279581467396e-22,0.1,0.1,0.09999999999999999,0.07395477870765958,-7.875244737580236e-23,0.1,0.1,4.9495843400149104e-23,0.1,0.1,0.10000000000000003
2024-10-31,0.028650755623471844,6.222174925492155e-23,0.08456478211810141,-9.855969338362746e-24,-3.8436475168932596e-23,1.544685561940443e-22,0.10000000000000002,0.10000000000000002,0.10000000000000002,0.1,0.1,0.040656105230873554,-1.7396001713207764e-22,0.011439084549285035,0.03468927247826818,-1.3229725798581137e-23,-3.164368929692508e-23,0.10000000000000003,0.09999999999999995,0.1
2024-11-29,0.06994778575387478,3.972367026799734e-23,0.09999999999999999,-1.5097988818715817e-24,0.023302882703254226,0.020252148192232713,0.006578803310965168,0.012097197730782615,0.10000000000000002,0.1,1.2767032609371241e-22,9.962459392214905e-23,0.0196386623150729,0.1,0.1,2.116672105808929e-22,0.0481825199938177,0.09999999999999999,0.1,0.10000000000000002
2024-12-31,0.10000000000000002,-4.512394954797639e-23,0.04179792227467875,0.04838746504206137,0.1,0.05283509387409832,1.1329347851229606e-22,0.09999999999999996,0.09999999999999998,0.1,3.490557105167956e-23,-3.669401114648193e-23,7.65574341277483e-23,0.06934287321822323,0.1,-3.677325976790918e-23,0.08763664559093846,3.625654553234273e-23,0.09999999999999999,-5.470448586415052e-23
2025-01-31,0.04456000609346032,-7.87497016307204e-23,-9.209202020597483e-24,0.04528081228937779,0.1,0.05371008856749103,0.1,0.10000000000000006,0.1,0.01830936314523753,-2.544639051217846e-22,0.0010913011136738707,-7.608159724931553e-23,0.009176155273949585,0.09999999999999999,0.1,0.1,2.40533613599668e-23,0.1,0.02787227351680985
2025-02-28,0.06738062713939245,3.5881767306914735e-23,-6.524724810997817e-24,0.06945042909656206,3.596205547977898e-23,-1.0115325589729638e-23,0.1,0.09999999999999998,0.1,0.1,0.1,-4.103990034153603e-23,9.539717357869234e-23,0.09948184960598717,0.021182496618887606,0.09999999999999999,0.1,8.079770575525999e-23,0.042504597539170776,-2.5323936856818106e-23
2025-03-31,8.229472826681581e-23,0.021843931381245,0.007418566462666682,-5.373076986938606e-23,-9.232143555795335e-23,-9.40103122120552e-24,0.06465320372587872,0.07035194982934849,0.1,0.0357323486008611,0.1,0.1,0.1,0.09999999999999999,0.1,0.1,0.1,9.230319234976241e-23,1.3538927951326873e-22,-1.4838525646908337e-22
2025-04-30,-1.2696614910479236e-22,0.09999999999999999,-6.664629441821926e-23,-8.954697124297224e-23,-2.602986360091042e-22,-1.740620228036448e-22,-1.37357143097814e-22,1.221601524664257e-22,0.1,0.09999999999999999,0.1,0.08461361851169577,0.10000000000000002,0.005513724140092399,0.1,0.1,0.09999999999999999,-2.249269087232768e-22,0.009872657348211852,0.10000000000000003
2025-05-30,-1.3084784234206653e-22,0.09999999999999999,-1.4080321569480475e-23,0.026229574404979958,0.051542492730957054,-1.4841979012622043e-23,2.7628729195738955e-23,2.2345051030538027e-23,0.005955154011369453,0.09999999999999999,0.1,0.01627277885269361,0.09999999999999998,3.3838364531195986e-22,0.1,0.1,0.10000000000000002,-4.792229750167211e-23,0.10000000000000002,0.10000000000000002
2025-06-30,4.454769389382787e-21,0.10000000000000003,1.3433630251368675e-21,0.10000000000000002,0.10000000000000002,4.983524786453141e-21,2.927065295885046e-21,0.1,1.7034503983513377e-20,1.6527986542379563e-20,0.1,4.5935832658538655e-21,1.8808539167449716e-20,1.405599583780045e-20,0.1,0.1,0.09999999999999999,8.880865369791996e-21,0.09999999999999999,0.09999999999999999
2025-07-31,1.1426173569175395e-06,0.09999550065491422,0.1000012906764151,0.100000895652507,0.09999721555644436,0.014250215621240866,0.09678668510547164,0.10000065661309884,-1.4658227821561557e-06,-3.0683581587676822e-06,0.09999889305978849,1.1468860515663913e-06,0.08897838145269643,0.1000011276608701,2.238871199716214e-09,-2.456754927874492e-06,-5.5126741053497e-06,0.09999970272079314,-1.8734295364722566e-06,1.5275330106978798e-06
2025-08-29,0.10000000000000006,0.1,0.10000000000000003,0.02993562249813001,0.09999999999999996,5.10818471617671e-23,3.3017821804039496e-23,0.1,6.5895328793604595e-24,4.5443940043165956e-23,0.10000000000000002,1.4094189023913282e-23,0.1,0.09999999999999999,5.1584697458068773e-23,-6.405790985645915e-23,1.3631720228773027e-22,0.10000000000000005,3.6076876106344856e-23,0.07006437750186986
2025-09-30,0.1,-1.83984776476111e-22,0.09999999999999998,0.09489965834954288,0.09999999999999998,-1.6031565852985704e-23,8.347697935609342e-25,0.03263841734266712,-6.097382491169187e-23,7.054771458575696e-23,0.10000000000000003,0.06059658627974927,0.01646550885439581,0.09999999999999998,1.5961093314801976e-22,-4.877741609106106e-23,2.048578295541195e-23,0.09999999999999999,0.09539982917364492,0.10000000000000003
2025-10-31,0.09999999999999999,7.238290362320086e-23,0.030740334933207058,0.07673449294534096,0.09999999999999998,0.022450474337728888,-1.0365142376878245e-22,0.09999999999999999,1.0239756920715646e-22,-3.391279333548893e-25,0.1,0.10000000000000003,0.10000000000000002,9.290115467850467e-23,0.0700746977837232,0.1,1.7424446502489985e-23,0.09999999999999999,1.0492865622109789e-22,4.21067806765473e-23
2025-11-28,0.10000000000000002,1.8386810823548247e-22,8.699081939339557e-23,0.10000000000000003,0.1,5.154412009683455e-23,-7.201585020324506e-23,0.03970745766394172,8.793181445056535e-25,-4.277583829917535e-24,0.1,0.07311060138055087,0.1,1.5927771828457807e-22,0.03280924479510634,0.1,0.05437269616040108,0.09999999999999998,0.1,6.621814208742707e-23
2025-12-31,0.1,5.564943831338905e-23,0.028367829928729008,1.184909458065893e-23,0.09999999999999999,0.03740083047901627,1.8758959447672745e-23,0.06716048170043577,0.051682302794828,-2.9206913309989787e-23,0.1,7.093911112320978e-23,0.1,0.06231372252896206,0.05307483256802901,0.1,1.5090044756975042e-24,0.09999999999999999,0.1,-9.639801939668528e-24
2026-01-30,4.63208120671028e-22,3.593762362328951e-22,2.338162730212385e-22,1.4972646177984296e-22,0.10000000000000003,3.571952957056007e-22,0.10000000000000002,3.44607232120992e-22,3.38705702873987e-22,2.826534415966141e-22,0.1,2.5455246664572178e-23,0.1,0.10000000000000003,0.10000000000000003,0.1,0.10000000000000002,0.1,0.10000000000000003,1.8022021023939636e-22
2026-02-27,9.374892809524277e-23,1.0840717431541641e-22,0.0348553659345656,1.928711132012285e-23,8.273473501011952e-23,5.722908542240369e-23,0.09999999999999999,3.835073112585635e-23,7.742120286678088e-23,5.939357892879799e-23,0.1,1.529012342650658e-23,0.1,0.1,0.1,0.1,0.10000000000000002,0.1,0.10000000000000005,0.06514463406543444
2026-03-31,0.03729961906077527,1.7102363245504051e-22,0.019358184775574938,-7.896198027682061e-23,1.7516509436978441e-22,0.10000000000000003,-5.279046753358738e-24,4.647641572696073e-23,-2.591238234280594e-23,0.04334219616364959,0.1,7.852679970125985e-23,0.09999999999999999,0.10000000000000003,0.1,0.1,0.1,0.09999999999999998,0.09999999999999998,2.0851284872430967e-22
2026-04-30,0.012406836306345943,0.001230217306231482,0.03275262308871648,0.10000000000000005,0.049536143445333636,0.10000000000000002,2.0266145081302178e-23,7.827866779544073e-24,0.012660196439102402,4.6560615633838446e-23,0.1,0.09999999999999999,0.1,0.10000000000000002,4.003650823114656e-23,0.1,0.1,0.06896454695559225,0.022449436458677842,-1.569935702538594e-22
2026-05-29,0.09999999999999999,0.1,0.041852186831710464,0.10000000000000003,0.1,0.09999999999999998,-8.859707176086345e-23,-5.729797577849851e-22,-7.213126079561718e-22,-8.15446193631043e-22,-7.521366891919215e-22,0.1,0.09999999999999999,0.10000000000000002,-6.865069955393495e-22,0.1,-8.969068372143735e-22,0.05814781316828941,-4.391434151271843e-22,-2.8815449118800357e-22
2026-06-30,0.10000000000000002,0.014489694039558826,0.042575500154781856,0.08538307833244571,0.05755172747321366,-1.5261491959194616e-22,5.1688451827575144e-24,0.1,0.1,0.1,0.1,0.09999999999999998,-6.036061722470354e-23,-7.487160059709019e-23,-1.0135510710519289e-22,0.1,-1.2450671138137194e-22,0.10000000000000002,-8.881569495430048e-23,-3.418762340355582e-23
2026-07-31,0.09503079451466759,0.04178055508105366,0.058398525461599994,0.0672305066180055,1.3244055827440737e-23,2.0573544447156967e-23,1.0677248618575918e-23,0.1,0.1,0.1,0.09999999999999995,0.1,0.004169693270767997,0.10000000000000003,9.323221893043906e-23,0.09999999999999999,3.3389257111795887e-23,0.012169566325104028,2.5616277204274723e-23,0.02122035872880132
2026-08-31,0.005177503408451794,0.08230055541287717,0.10000000000000003,1.1689866805713609e-23,2.6095644786122608e-23,-3.0542370408131743e-24,3.2622234674690913e-24,0.1,0.1,0.1,0.10000000000000002,0.02446064494781661,0.1,0.10000000000000002,1.1175105795390415e-22,0.09999999999999998,8.944581066172968e-23,0.013972048423829394,-6.584578438806588e-24,0.07408924780702504
2026-09-01,0.040009933798827314,0.06526952419509008,0.10000000000000003,0.03445140482915278,-2.3332594839296965e-23,3.6806625111974187e-23,-2.0573694733551947e-23,0.1,0.1,0.09999999999999999,0.09999999999999998,0.018508595772914933,0.10000000000000005,0.10000000000000006,3.09556413913043e-23,0.10000000000000002,9.943678144005272e-23,-1.7136690604117645e-23,3.671044867759094e-23,0.041760541404014764
