date,return
2015-04-01,-0.008246095738700413
2015-04-02,0.001443531987776064
2015-04-06,0.00795132042032856
2015-04-07,-0.004128221160228017
2015-04-08,0.005293328819641845
2015-04-09,-0.001050038975202893
2015-04-10,0.0006904867024663205
2015-04-13,-0.0019121847182733864
2015-04-14,-0.0018291025424596375
2015-04-15,-0.0030053675046102634
2015-04-16,0.0018807657947794583
2015-04-17,-0.01812932489647364
2015-04-20,0.015150559455653722
2015-04-21,0.0020009497680132894
2015-04-22,0.007281540913121638
2015-04-23,-0.0018728745152431065
2015-04-24,0.014800829461766252
2015-04-27,-0.005708410734844448
2015-04-28,-0.008206680699943281
2015-04-29,-0.010858357334126868
2015-05-01,0.008694946702715861
2015-05-04,-0.0005732070489280751
2015-05-05,-0.011875634646258806
2015-05-06,-0.003777382796269965
2015-05-07,0.009015751033568041
2015-05-08,0.003812173016147411
2015-05-11,-0.004716040584069938
2015-05-12,-0.0015981837126344829
2015-05-13,0.00368281386965865
2015-05-14,0.017084130054446523
2015-05-15,-0.0030306127157865804
2015-05-18,0.0009455229459732356
2015-05-19,-0.00275114078670124
2015-05-20,0.00028033944685669314
2015-05-21,0.002661003086998551
2015-05-22,-0.00225453970585122
2015-05-26,-0.010975023418921606
2015-05-27,0.01746205011768585
2015-05-28,-0.00232864575756509
2015-06-01,-1.0970271111101137e-05
2015-06-02,-0.004540771080247629
2015-06-03,0.0008193117754766653
2015-06-04,-0.008414902630278158
2015-06-05,0.0015138036639434904
2015-06-08,-0.007352861467140911
2015-06-09,0.0027196808695839026
2015-06-10,0.012044400798433708
2015-06-11,0.0007051933775655867
2015-06-12,-0.009285864317207284
2015-06-15,-0.003293044810336451
2015-06-16,0.006959363150200461
2015-06-17,-0.00016082295699180918
2015-06-18,0.011791091848235723
2015-06-19,-0.005666159071655605
2015-06-22,0.003736103161531973
2015-06-23,0.00202148158349548
2015-06-24,-0.009921563023059651
2015-06-25,-0.002457835116380153
2015-06-26,-0.0031747598593596348
2015-06-29,-0.01920152181059272
2015-07-01,0.006177472490129988
2015-07-02,0.000503093547782149
2015-07-06,-0.0039722042493906965
2015-07-07,0.0008051496685114855
2015-07-08,-0.016145059216462247
2015-07-09,0.0017687221461329134
2015-07-10,0.01631774865045649
2015-07-13,0.01186680422679934
2015-07-14,0.009065472349756116
2015-07-15,-0.00039488291436864194
2015-07-16,0.009026857807013336
2015-07-17,0.002137162711582018
2015-07-20,0.004171489301388605
2015-07-21,-0.002204323771699988
2015-07-22,-0.007011025480644139
2015-07-23,-0.009357869587191628
2015-07-24,0.00511155761179263
2015-07-27,-0.010104092933759527
2015-07-28,0.013112491915764385
2015-07-29,0.007410143487506027
2015-07-30,0.0019222545204988042
2015-08-03,0.0015774475124564066
2015-08-04,-0.0010586157513916522
2015-08-05,0.010620386850071876
2015-08-06,-0.011566851548494432
2015-08-07,-0.002303374517836975
2015-08-10,0.0035209669413558994
2015-08-11,-0.0003771955151695925
2015-08-12,-0.00242120232144451
2015-08-13,0.00026035080187222315
2015-08-14,0.005131642388163919
2015-08-17,0.0049210790506769376
2015-08-18,0.0038594457564267402
2015-08-19,-0.004625191574026619
2015-08-20,-0.021213715991120177
2015-08-21,-0.03733663808952377
2015-08-24,-0.04107849787636512
2015-08-25,-0.008208142063049303
2015-08-26,0.050619333098455094
2015-08-27,0.02282828716743924
2015-08-28,-0.0015502432685651044
2015-09-01,-0.024359920057861747
2015-09-02,0.017025803240244927
2015-09-03,-0.002595733431236122
2015-09-04,-0.015508558956317909
2015-09-08,0.023335723823676276
2015-09-09,-0.012654217139988828
2015-09-10,0.00557338156971251
2015-09-11,0.006922187403942796
2015-09-14,-0.0044815160486825125
2015-09-15,0.013008292460840936
2015-09-16,0.008864878622048298
2015-09-17,0.004562082891879279
2015-09-18,-0.012183013961278934
2015-09-21,0.009194714071490221
2015-09-22,-0.009175766349752536
2015-09-23,0.0016949566255945465
2015-09-24,-0.004821937492904067
2015-09-25,-0.005856700512588211
2015-09-28,-0.02068192762793454
2015-09-29,0.004231402351165673
2015-10-01,3.291741106827532e-05
2015-10-02,0.013776595362996174
2015-10-05,0.016590323732529166
2015-10-06,-0.001967398304970133
2015-10-07,0.008220077791946582
2015-10-08,0.0059642441386589
2015-10-09,0.003649996180224249
2015-10-12,0.006241768813237302
2015-10-13,-0.002107229379747644
2015-10-14,-0.01186743014223803
2015-10-15,0.011815056845857706
2015-10-16,0.006921958055200352
2015-10-19,0.003235174686430003
2015-10-20,-0.00629132465220703
2015-10-21,-0.004483287301185905
2015-10-22,0.017155853103633788
2015-10-23,0.01383547109914857
2015-10-26,0.004692540313314169
2015-10-27,-0.0007003301424424852
2015-10-28,0.003577586982265762
2015-10-29,0.0009281570059572711
2015-11-02,0.006021686214816939
2015-11-03,0.004384240691035936
2015-11-04,-0.0025784038177763956
2015-11-05,0.0032088218680987285
2015-11-06,0.009775460778032518
2015-11-09,-0.010393667854078014
2015-11-10,0.005503894499216767
2015-11-11,-0.00012022128562274263
2015-11-12,-0.013021970631527364
2015-11-13,-0.01506406047998796
2015-11-16,0.015453812204112011
2015-11-17,0.003708380359877435
2015-11-18,0.015901268830658993
2015-11-19,-0.0003888269914488572
2015-11-20,0.004837052776162323
2015-11-23,0.0029121555512408963
2015-11-24,0.002253327193986797
2015-11-25,-0.0004233913840163818
2015-11-27,0.0021552067491605468
2015-12-01,0.01500847087038548
2015-12-02,-0.005779863415415258
2015-12-03,-0.00933209731057746
2015-12-04,0.02240259995319264
2015-12-07,-0.00498486146683123
2015-12-08,0.001625998989965611
2015-12-09,-0.015409981982911776
2015-12-10,0.005812840389938221
2015-12-11,-0.01795947044164953
2015-12-14,0.01430711668232849
2015-12-15,0.008454917062160849
2015-12-16,0.014707035686155043
2015-12-17,-0.011885171147039755
2015-12-18,-0.017722174772807922
2015-12-21,0.007193925088351547
2015-12-22,0.007295481100527397
2015-12-23,0.00690511189309664
2015-12-24,-0.0016843661318734526
2015-12-28,0.0013292977986555411
2015-12-29,0.011479083282359578
2015-12-30,-0.005280404203545532
2016-01-04,-0.020353991803221814
2016-01-05,-0.0004457455779135447
2016-01-06,-0.013026249652444947
2016-01-07,-0.02569132090831156
2016-01-08,-0.0103893834530541
2016-01-11,0.00566758585868797
2016-01-12,0.01012452956252155
2016-01-13,-0.029435249623513585
2016-01-14,0.007300778913306669
2016-01-15,-0.025725875069826074
2016-01-19,0.007405786986304672
2016-01-20,-0.0041088724279517985
2016-01-21,0.008195495320123283
2016-01-22,0.019296588751927482
2016-01-25,-0.006337189950426267
2016-01-26,0.00873295928522299
2016-01-27,-0.00957584881950135
2016-01-28,0.02154352017957791
2016-02-01,0.00557765093745303
2016-02-02,-0.013837923274429207
2016-02-03,-0.008872643049253249
2016-02-04,-0.003423631685327377
2016-02-05,-0.020272175498179133
2016-02-08,-0.005968961104692713
2016-02-09,0.0008621174608871746
2016-02-10,-1.473741026638333e-05
2016-02-11,-0.009436571567195082
2016-02-12,0.015522507754532382
2016-02-16,0.01398009637868727
2016-02-17,0.01533855301462995
2016-02-18,-0.009939169361500366
2016-02-19,0.0044022142090352065
2016-02-22,0.011862212604992997
2016-02-23,-0.005015177528941411
2016-02-24,0.006867456276301562
2016-02-25,0.010764882587135044
2016-02-26,-0.011947860869754199
2016-03-01,0.015760275083841563
2016-03-02,0.0032480270834267613
2016-03-03,0.0012121398615004728
2016-03-04,0.004795299403245829
2016-03-07,0.00028046639514439533
2016-03-08,-0.002677847788476092
2016-03-09,0.00471516829442437
2016-03-10,0.0021952880914331953
2016-03-11,0.00914496930089775
2016-03-14,0.0007109932164600374
2016-03-15,0.0030585847079525183
2016-03-16,0.00206080013256361
2016-03-17,0.0056456174409265205
2016-03-18,0.0016242865037125994
2016-03-21,0.0024754397642525374
2016-03-22,-0.0005566007744734346
2016-03-23,-0.0002972228176085589
2016-03-24,-0.00022066299687649202
2016-03-28,0.0019432054145905524
2016-03-29,0.008645397104911905
2016-03-30,0.004906160766247515
2016-04-01,0.006966886894671309
2016-04-04,-0.00328686217464624
2016-04-05,-0.00672643286986264
2016-04-06,0.006267854391688749
2016-04-07,-0.011367092217865304
2016-04-08,0.0007266579947043808
2016-04-11,-0.0036602724836200962
2016-04-12,0.009316001596548783
2016-04-13,0.00627796125365008
2016-04-14,0.0005463989708311837
2016-04-15,0.0029992689522716225
2016-04-18,0.006083799117510858
2016-04-19,0.004482206822010469
2016-04-20,-0.005057922610313684
2016-04-21,-0.0055256056869683375
2016-04-22,-0.00031868832616460056
2016-04-25,0.0012185012132984534
2016-04-26,-0.0025364622965264633
2016-04-27,0.00255859201972374
2016-04-28,-0.008475460359604899
2016-05-02,0.010902535449151022
2016-05-03,-0.009020689985971801
2016-05-04,-0.0059496635372407
2016-05-05,-0.0031010458725702714
2016-05-06,0.006286186519147174
2016-05-09,-0.0005759857330120739
2016-05-10,0.013355232768000371
2016-05-11,-0.006584441466704905
2016-05-12,0.0007487042717627468
2016-05-13,0.0029601977414969284
2016-05-16,0.012094339852060152
2016-05-17,-0.00838074358366261
2016-05-18,-0.0023313359489115977
2016-05-19,0.008197820498059035
2016-05-20,0.004277905968811385
2016-05-23,-0.002299475511835345
2016-05-24,0.010486326931833502
2016-05-25,0.006606590583508943
2016-05-26,0.0040714133932035325
2016-05-27,0.00146538259525757
2016-06-01,0.000661118243206296
2016-06-02,0.004370546695297867
2016-06-03,-0.0029434727502684233
2016-06-06,0.0039423229098407096
2016-06-07,0.0015300267983130627
2016-06-08,0.003920802062638006
2016-06-09,0.002852327989828464
2016-06-10,-0.009155775214949192
2016-06-13,-0.004309087274133366
2016-06-14,-0.0013935132414425928
2016-06-15,-0.0009972053685503753
2016-06-16,0.00489899657489723
2016-06-17,-0.007466838145407169
2016-06-20,0.007027538680522614
2016-06-21,0.0025466801332171087
2016-06-22,-0.0028601054999008464
2016-06-23,0.01277003867854084
2016-06-24,-0.027954894777889674
2016-06-27,-0.010581862436210872
2016-06-28,0.017776391441477336
2016-06-29,0.01376122022930179
2016-07-01,-0.0013886391321041294
2016-07-05,0.0025985496476785327
2016-07-06,0.007231275005896411
2016-07-07,0.0022154706159872952
2016-07-08,0.011872428464419629
2016-07-11,0.005436123740352803
2016-07-12,0.0016373586326966342
2016-07-13,0.0005778337054593713
2016-07-14,0.0011812921215194625
2016-07-15,-0.0018782548408402253
2016-07-18,0.0014216315170411992
2016-07-19,0.005319962041101456
2016-07-20,0.0020246300850891756
2016-07-21,-0.0043944913881050745
2016-07-22,0.005234059016162447
2016-07-25,-0.0034814923506671625
2016-07-26,-0.0010499590889075803
2016-07-27,-0.00454634735869558
2016-07-28,0.003277161934319467
2016-08-01,0.004546143650258981
2016-08-02,-0.005850937603141489
2016-08-03,-0.0006212365097369955
2016-08-04,0.00444169266822565
2016-08-05,0.007530994468280722
2016-08-08,0.0005385732903716801
2016-08-09,0.0014182352629808605
2016-08-10,0.0005992963941932637
2016-08-11,0.0037737659949392075
2016-08-12,0.006233589320062144
2016-08-15,-0.0011242028105885671
2016-08-16,-0.005325834478519822
2016-08-17,-0.0005751409782220568
2016-08-18,0.002975760278375296
2016-08-19,-0.0024294900916081792
2016-08-22,-0.0016245657248804828
2016-08-23,0.0016455143393512134
2016-08-24,-0.005347871657986342
2016-08-25,-0.005020203329651019
2016-08-26,0.00021351362779866462
2016-08-29,0.0030283691306960845
2016-08-30,-0.005698906154845318
2016-09-01,0.003240404766412702
2016-09-02,0.002371997370585914
2016-09-06,0.0052114568741489006
2016-09-07,-0.005857833933288417
2016-09-08,-0.006182839028787171
2016-09-09,-0.023639117706959287
2016-09-12,0.015410758672402566
2016-09-13,-0.008754645947832373
2016-09-14,0.004976940230358639
2016-09-15,0.01639835736800906
2016-09-16,-8.591052745937145e-05
2016-09-19,-0.002651228032797863
2016-09-20,0.0009473216907751868
2016-09-21,0.007898176083306748
2016-09-22,0.0071582241456601145
2016-09-23,-0.005599003852432872
2016-09-26,-0.008405151013100548
2016-09-27,0.012061136557705422
2016-09-28,0.003824162808765975
2016-09-29,-0.008685725576586029
2016-10-03,-0.0026294097226421754
2016-10-04,-0.0013691289865898687
2016-10-05,0.008000319834043007
2016-10-06,0.0004704662071090715
2016-10-07,-0.0024383712993635833
2016-10-10,0.006021704434672815
2016-10-11,-0.009320052831008336
2016-10-12,0.0020630526477249866
2016-10-13,-0.006960370477167054
2016-10-14,0.003205522371749797
2016-10-17,-0.003648874876046651
2016-10-18,0.005943623265204631
2016-10-19,0.004640865014776044
2016-10-20,-0.0018229418031760606
2016-10-21,0.005806258054643308
2016-10-24,0.013635549554787229
2016-10-25,-0.0020977153419324225
2016-10-26,-0.005175848823567123
2016-10-27,-0.006594310185012743
2016-10-28,-0.0007058697553162872
2016-11-01,-0.008683832946678856
2016-11-02,-0.00894809009275827
2016-11-03,-0.008934867803370316
2016-11-04,-0.007337927135078895
2016-11-07,0.026983632082854196
2016-11-08,0.004565518853979359
2016-11-09,-0.0007389550121523741
2016-11-10,-0.015328677755217509
2016-11-11,0.027864642691128223
2016-11-14,-0.01943699805727857
2016-11-15,0.015744289645988965
2016-11-16,0.011831022445543593
2016-11-17,0.006979657936621846
2016-11-18,-0.00019133945207675234
2016-11-21,0.011632591670838464
2016-11-22,0.0008075374792675808
2016-11-23,-0.003082197164808943
2016-11-25,0.003213842916940707
2016-11-28,-0.006174921433763362
2016-11-29,-0.0003802464543518661
2016-12-01,-0.004208667857934353
2016-12-02,0.0007141481561750587
2016-12-05,0.006927165237710544
2016-12-06,0.0013841347682716988
2016-12-07,0.013712175133547064
2016-12-08,-0.0007709167708399806
2016-12-09,0.0034974873732576657
2016-12-12,0.0006230757858119683
2016-12-13,0.008794425996065761
2016-12-14,-0.0020456754740446055
2016-12-15,0.008513647540294766
2016-12-16,0.0005406265466172684
2016-12-19,0.002323429603465534
2016-12-20,0.007761709082124935
2016-12-21,-0.0005520580229029452
2016-12-22,0.0025934104139354584
2016-12-23,0.003978921627406242
2016-12-27,0.008411613913530784
2016-12-28,-0.014295616572079978
2016-12-29,0.0015846855759388122
2017-01-03,1.998985041804435e-07
2017-01-04,0.001591606808973656
2017-01-05,-0.003480418898050631
2017-01-06,0.0019425920352589227
2017-01-09,0.0006187610992461799
2017-01-10,-0.00018118681944182132
2017-01-11,0.0018898648879857888
2017-01-12,-0.004536952493808622
2017-01-13,0.0006091901215070271
2017-01-17,-0.0036268042608266814
2017-01-18,-0.0005662342279944104
2017-01-19,-0.0018110443356617665
2017-01-20,0.0025903940605633254
2017-01-23,0.0013683168060461457
2017-01-24,0.005796217613784416
2017-01-25,0.006489408731336143
2017-01-26,0.003700838692757875
2017-01-27,0.0029661458947326394
2017-01-30,-0.00727065770326816
2017-02-01,0.00875703968258061
2017-02-02,0.0021583454939934467
2017-02-03,0.006598321285640556
2017-02-06,-0.0006558206128440876
2017-02-07,0.0012730121572415497
2017-02-08,0.0007886056517439127
2017-02-09,0.004657125879119504
2017-02-10,0.0022137236545054758
2017-02-13,0.0035390733454536555
2017-02-14,0.005091785305146865
2017-02-15,0.005194317129527424
2017-02-16,-0.0032077622242783982
2017-02-17,-0.000949662888900486
2017-02-21,0.010036476278678272
2017-02-22,-0.0004302761142650148
2017-02-23,-0.011111352922348175
2017-02-24,0.0013728857887115168
2017-02-27,0.007837003652007372
2017-03-01,0.013741082763359223
2017-03-02,-0.002729505734206882
2017-03-03,-0.0022187534886035374
2017-03-06,-0.004135197656317854
2017-03-07,0.00017681632712092483
2017-03-08,0.0005553440326569663
2017-03-09,0.0033816030792765627
2017-03-10,0.004030522277264926
2017-03-13,0.0020220146496264723
2017-03-14,-0.00187707288449225
2017-03-15,0.006034896183379602
2017-03-16,-0.00028151784554772755
2017-03-17,-0.0018932425361653667
2017-03-20,-0.0013802840380434617
2017-03-21,-0.012245268711378423
2017-03-22,0.003854446030096049
2017-03-23,-0.0010553063230517314
2017-03-24,0.0001979359516374088
2017-03-27,-0.000320046602183813
2017-03-28,0.007591962203427038
2017-03-29,0.002380552493615964
2017-03-30,-0.00048321881928861936
2017-04-03,-0.00010844157925557835
2017-04-04,0.002094849759301443
2017-04-05,-0.001085019239627208
2017-04-06,-0.001553019022169506
2017-04-07,0.0007263416107804032
2017-04-10,0.0021121091964804795
2017-04-11,-0.001976402260469597
2017-04-12,-0.004780434477610574
2017-04-13,-0.002746470913950991
2017-04-17,0.009384730979868899
2017-04-18,-0.002884460049175965
2017-04-19,-0.0011987644417977082
2017-04-20,0.009034535328700436
2017-04-21,0.0005347608801565568
2017-04-24,0.010169849422432325
2017-04-25,0.005077737408492422
2017-04-26,-0.002176910342161057
2017-04-27,0.004272723520382594
2017-05-01,0.005514852106559094
2017-05-02,0.005618744852854712
2017-05-03,-0.00045859761265589394
2017-05-04,0.002603893478322275
2017-05-05,-0.0012695760455885175
2017-05-08,0.004614930538647583
2017-05-09,0.0016273506830531844
2017-05-10,-0.0005988235407196347
2017-05-11,-0.0012410625202742972
2017-05-12,0.004267148117344276
2017-05-15,0.005222548347332922
2017-05-16,0.0005083376925285764
2017-05-17,-0.017280058879341618
2017-05-18,0.009326038834334478
2017-05-19,0.005695657844791289
2017-05-22,0.00512120935772528
2017-05-23,0.0011061525506569489
2017-05-24,0.00457573363927812
2017-05-25,0.008453013010635096
2017-05-26,-0.000294176415869294
2017-05-30,0.0013286535846736699
2017-06-01,0.003388373428285986
2017-06-02,0.007477873143262935
2017-06-05,0.006480326431779653
2017-06-06,-0.004796278449651315
2017-06-07,0.00280792226616791
2017-06-08,0.0051904000121837665
2017-06-09,-0.022329203061168854
2017-06-12,-0.008635591838405197
2017-06-13,0.009535535167751153
2017-06-14,0.00021037147617893113
2017-06-15,-0.006989069064470093
2017-06-16,-0.010783482813323617
2017-06-19,0.011049374653531436
2017-06-20,-0.0039750111261181685
2017-06-21,0.005289210740427972
2017-06-22,-0.0048739575558124585
2017-06-23,0.00015687230685225873
2017-06-26,-0.002704844195326164
2017-06-27,-0.01315668272316598
2017-06-28,0.013798863374205703
2017-06-29,-0.01800057254418586
2017-07-03,-0.004994033144298671
2017-07-05,0.007104508809785363
2017-07-06,-0.005400428047059391
2017-07-07,0.006347939609522841
2017-07-10,0.0028995666101716265
2017-07-11,0.0024797370801694124
2017-07-12,0.011387436270292973
2017-07-13,-0.0005585846067907992
2017-07-14,0.008844303099373283
2017-07-17,-0.0004168730918726911
2017-07-18,0.002509357162552425
2017-07-19,0.0038797360963385747
2017-07-20,-0.0002648375755361296
2017-07-21,0.000977575469885767
2017-07-24,-0.0014614892738903395
2017-07-25,0.006293927056636997
2017-07-26,0.001845096444092923
2017-07-27,-0.005260638435805669
2017-07-28,0.0028587178598995623
2017-08-01,0.004010157860823613
2017-08-02,-0.0003917984290484514
2017-08-03,0.0015935150171377135
2017-08-04,0.0022099502500153795
2017-08-07,0.006835013373097495
2017-08-08,-0.0018732781631075547
2017-08-09,0.002604482359782503
2017-08-10,-0.012297240399714119
2017-08-11,-0.00667276208386114
2017-08-14,0.013456907441383538
2017-08-15,0.0017410614828110582
2017-08-16,-0.0007574524495468813
2017-08-17,-0.011130756521304666
2017-08-18,0.0001866862589788409
2017-08-21,0.0005266653594430626
2017-08-22,0.009372092019410099
2017-08-23,-0.002240230757357001
2017-08-24,-0.0018920851825047354
2017-08-25,0.00021244508527042913
2017-08-28,0.0003109639412070645
2017-08-29,0.002683719846695057
2017-08-30,0.0008577932194352871
2017-09-01,0.00293977949335165
2017-09-05,-0.005150306424319481
2017-09-06,0.0030225962910043454
2017-09-07,0.005980490992474109
2017-09-08,-0.003610031431848225
2017-09-11,0.01573354911015695
2017-09-12,0.0013734721065424586
2017-09-13,-0.0005991176311091276
2017-09-14,0.0010278128782828556
2017-09-15,0.003214754940539062
2017-09-18,0.0040377662318041106
2017-09-19,0.004626691275130642
2017-09-20,-0.0011968481671686215
2017-09-21,-0.004715913184121287
2017-09-22,-0.0016178962451088843
2017-09-25,-0.010578677346399171
2017-09-26,-1.040800443435875e-07
2017-09-27,0.0025977591569281686
2017-09-28,0.003648059271490856
2017-10-02,0.0019960612526978955
2017-10-03,0.003361436784933865
2017-10-04,0.0012763590064513537
2017-10-05,0.005243662180337005
2017-10-06,-0.003507451011008894
2017-10-09,0.0017968449225516732
2017-10-10,0.0034879735928346712
2017-10-11,0.004901367561271373
2017-10-12,0.00021361494044018145
2017-10-13,0.005933693062982389
2017-10-16,0.002237525428242865
2017-10-17,0.002563657188104863
2017-10-18,-0.0005629390189785577
2017-10-19,-0.0028909335719945147
2017-10-20,0.0013708509145312128
2017-10-23,-0.0015666235385633006
2017-10-24,0.00864897414642425
2017-10-25,-0.00399707922558248
2017-10-26,0.004047294764930059
2017-10-27,0.00983989907025599
2017-10-30,-0.0017945929208870923
2017-11-01,0.0021506569549070644
2017-11-02,-0.00011520367412143156
2017-11-03,0.004622085764302738
2017-11-06,0.002605081486426808
2017-11-07,0.0014076886791009418
2017-11-08,-0.0010114476762435054
2017-11-09,-0.003529854992386971
2017-11-10,0.004188197530716795
2017-11-13,0.00032203918336134833
2017-11-14,0.0024046600837206444
2017-11-15,-0.012063906051485206
2017-11-16,0.017028831815882245
2017-11-17,-0.0067226528103825735
2017-11-20,0.0042147856178377015
2017-11-21,0.008464020016643512
2017-11-22,-0.002612083949046673
2017-11-24,0.004187992766218049
2017-11-27,0.0008450016854516111
2017-11-28,0.00834981743469593
2017-11-29,-0.007815692433125371
2017-12-01,-0.0016402819191991187
2017-12-04,-0.005981324834649946
2017-12-05,-0.002368995003014793
2017-12-06,-6.118307816497907e-05
2017-12-07,0.003532712912064415
2017-12-08,0.007399853736071136
2017-12-11,0.002876433060641569
2017-12-12,-0.001546975568319649
2017-12-13,0.002953822917616195
2017-12-14,-0.0059113593030317175
2017-12-15,0.010701581833905243
2017-12-18,0.007690529466311354
2017-12-19,-0.0021302920477747627
2017-12-20,0.0010671552638739188
2017-12-21,0.004569191517005183
2017-12-22,-0.0007596362431314014
2017-12-26,0.0043030165871220175
2017-12-27,0.0015307703231109459
2017-12-28,0.0027587504572089863
2018-01-02,0.0054338991389284485
2018-01-03,0.00671975353406518
2018-01-04,0.004324751131507056
2018-01-05,0.006924744641545627
2018-01-08,0.005829627520326811
2018-01-09,0.0004929854232396938
2018-01-10,-0.0011181380694962016
2018-01-11,0.012818201624168146
2018-01-12,0.011806632281848759
2018-01-16,-0.0029364620395348874
2018-01-17,0.007581521872356621
2018-01-18,0.0007981263917712954
2018-01-19,0.0031502302971780877
2018-01-22,0.010522708669447347
2018-01-23,-0.0027750975451401607
2018-01-24,0.0006008653793564043
2018-01-25,0.005182246036567474
2018-01-26,0.00770187361072321
2018-01-29,-0.0064620087810572345
2018-01-30,-0.008351284703807051
2018-02-01,-0.004593603127951162
2018-02-02,-0.022328079178961402
2018-02-05,-0.044315108794298924
2018-02-06,0.0293678016668047
2018-02-07,-0.006782611845876401
2018-02-08,-0.041885204069848816
2018-02-09,0.01685582680763627
2018-02-12,0.01137870293242613
2018-02-13,0.008252222274865429
2018-02-14,0.015901771638199006
2018-02-15,0.011002337639128435
2018-02-16,-0.0012433792513627854
2018-02-20,-0.011208222628410388
2018-02-21,-0.008520476330605146
2018-02-22,0.006454780307656664
2018-02-23,0.016546032218911016
2018-02-26,0.011169328047337558
2018-02-27,-0.013377737160907628
2018-03-01,-0.014990329519004024
2018-03-02,0.0011712281788544695
2018-03-05,0.012730066555205028
2018-03-06,0.0010240392169873417
2018-03-07,-0.0028133812984706135
2018-03-08,0.00528946079781792
2018-03-09,0.01975504332981565
2018-03-12,-0.001154382162482045
2018-03-13,-0.009156706029676684
2018-03-14,-0.006530155545124984
2018-03-15,0.0027789826511838674
2018-03-16,0.0027856238396556715
2018-03-19,-0.014633764943552674
2018-03-20,0.008728059826092035
2018-03-21,-0.005369484889559194
2018-03-22,-0.026790279952971226
2018-03-23,-0.02180426319745041
2018-03-26,0.035973577554051235
2018-03-27,-0.024692498377886833
2018-03-28,-0.006543774438856552
2018-04-02,-0.020005355726230932
2018-04-03,0.014167260243646191
2018-04-04,0.012398166032592164
2018-04-05,0.008743273574759692
2018-04-06,-0.020901360929713904
2018-04-09,0.0026855895435981486
2018-04-10,0.0136562770683008
2018-04-11,-0.006713032060920609
2018-04-12,0.0099140800536568
2018-04-13,-0.0016800744345473416
2018-04-16,0.009416877789483332
2018-04-17,0.013974361779917793
2018-04-18,-0.0002329827690090376
2018-04-19,-0.0032390656711970256
2018-04-20,-0.010864393860334099
2018-04-23,-0.0027824884099616905
2018-04-24,-0.013392945164918754
2018-04-25,6.80131493075553e-05
2018-04-26,0.017067375822074744
2018-04-27,0.0011464934513920255
2018-05-01,0.0006743688549535011
2018-05-02,-0.0015150552410201888
2018-05-03,0.00044955130238695496
2018-05-04,0.010546761289696727
2018-05-07,0.0009758796955498296
2018-05-08,0.0013534926561497478
2018-05-09,0.0065670743044724655
2018-05-10,0.00976786863107106
2018-05-11,0.003939381241150235
2018-05-14,0.0011917511740060583
2018-05-15,-0.0064862748409717326
2018-05-16,0.004326072033062426
2018-05-17,0.0013467732616805588
2018-05-18,-0.00404371572397228
2018-05-21,0.007581977189201335
2018-05-22,-0.003865575131337842
2018-05-23,0.00428165308653287
2018-05-24,-0.004886880266308673
2018-05-25,-0.002394040918784605
2018-05-29,-0.005166251889144472
2018-05-30,0.013568025902206491
2018-06-01,0.00637977029219579
2018-06-04,0.006379977843845405
2018-06-05,0.0007100218212654323
2018-06-06,0.010606096731259309
2018-06-07,0.00534057406310321
2018-06-08,0.005007267114407878
2018-06-11,0.0018767671666136336
2018-06-12,0.0019580092858181683
2018-06-13,-0.0049844816776515545
2018-06-14,0.0010210883793268398
2018-06-15,0.0010485686500808103
2018-06-18,-0.0015092713040557172
2018-06-19,-0.0035208812662902273
2018-06-20,-0.00014079268874669904
2018-06-21,-0.003327653032770947
2018-06-22,0.006761454517649653
2018-06-25,-0.01288217268333888
2018-06-26,0.003880868271253413
2018-06-27,-0.0028712184503041
2018-06-28,0.003339911177049135
2018-07-02,-0.00025452335740073617
2018-07-03,-0.005072361872276382
2018-07-05,0.00918108253195139
2018-07-06,0.005074014465770583
2018-07-09,0.008173938628852668
2018-07-10,0.006081725718643594
2018-07-11,-0.005870799066415487
2018-07-12,0.010713223073333424
2018-07-13,0.004148791652941938
2018-07-16,-0.0036122760747848166
2018-07-17,0.002533539895729401
2018-07-18,0.0013938153722349205
2018-07-19,-0.0022917829219147754
2018-07-20,0.0015042478828260497
2018-07-23,-0.0009421407034208109
2018-07-24,0.009554418589127135
2018-07-25,0.009934402463175267
2018-07-26,-0.025636613904377076
2018-07-27,-0.007064889009026474
2018-07-30,-0.006851538072525492
2018-08-01,-0.00148870825203842
2018-08-02,0.00695137508857014
2018-08-03,0.0030498396283327634
2018-08-06,0.0019494904760224356
2018-08-07,0.004440207792901613
2018-08-08,0.002321615528904033
2018-08-09,-0.0019912172179034154
2018-08-10,-0.0033679137892448276
2018-08-13,-0.0035550516567258396
2018-08-14,0.004960084197629522
2018-08-15,-0.005024297182909582
2018-08-16,0.009992571159437606
2018-08-17,0.0019430197668186678
2018-08-20,0.00274478691677603
2018-08-21,-0.0010626548580818093
2018-08-22,0.00012392037256196437
2018-08-23,0.0004349873122610774
2018-08-24,0.005277412702372037
2018-08-27,0.005467399819540665
2018-08-28,0.0001491846406565331
2018-08-29,0.007361106261857955
2018-08-30,-0.002378350956560805
2018-09-04,0.0014697456029272211
2018-09-05,-0.004760482087023825
2018-09-06,0.0002186636206897739
2018-09-07,-0.002148573786320829
2018-09-10,7.806241209356787e-05
2018-09-11,0.009118046124845798
2018-09-12,0.0011973338541574692
2018-09-13,0.004126626322815509
2018-09-14,-0.004581840960287209
2018-09-17,-0.008130458600128987
2018-09-18,0.005155373844912743
2018-09-19,-0.0017086652930917829
2018-09-20,0.009170004427941868
2018-09-21,0.0006368173931013175
2018-09-24,-0.004423858557552035
2018-09-25,-0.0021012405986373553
2018-09-26,-0.0016857461600789446
2018-09-27,0.004712785593695234
2018-10-01,0.007209533432626751
2018-10-02,0.00039647133222383294
2018-10-03,-0.002259410888392205
2018-10-04,-0.011241502425384261
2018-10-05,-0.015871562259845134
2018-10-08,-0.0014785954909931807
2018-10-09,0.0036007618484065968
2018-10-10,-0.036512330911885764
2018-10-11,-0.01858180196578426
2018-10-12,0.02258482178660674
2018-10-15,-0.013734286050578186
2018-10-16,0.024725185992114786
2018-10-17,0.002534884113401452
2018-10-18,-0.015671830301121844
2018-10-19,0.00209115303000201
2018-10-22,0.0007622086225929315
2018-10-23,-0.009115870773500699
2018-10-24,-0.032340319915158525
2018-10-25,0.028381595699863753
2018-10-26,-0.024107019577290008
2018-10-29,-0.013169325854565183
2018-10-30,0.018082398715913092
2018-11-01,0.006879910148767381
2018-11-02,-0.005983922824035326
2018-11-05,0.004881195864009106
2018-11-06,0.0076123062002549265
2018-11-07,0.01733829183874796
2018-11-08,0.0011563919134740394
2018-11-09,-0.001445775210559253
2018-11-12,-0.016151076847970475
2018-11-13,-0.004561180452189714
2018-11-14,-0.008677463078444504
2018-11-15,0.005484992227565069
2018-11-16,0.004067394358053801
2018-11-19,-0.009506115672455472
2018-11-20,-0.022846034507918892
2018-11-21,-0.005069947643969562
2018-11-23,-0.0035192908755510284
2018-11-26,0.00960200842507137
2018-11-27,0.007096811333834657
2018-11-28,0.02183441249720392
2018-11-29,-0.002346173910691571
2018-12-03,0.006355250711247988
2018-12-04,-0.02232212062301144
2018-12-06,-0.004760955495521613
2018-12-07,-0.012735316456316847
2018-12-10,0.0006157170948349846
2018-12-11,0.0073499438389521
2018-12-12,0.004334794550255656
2018-12-13,0.0065298019262612856
2018-12-14,-0.028448921357016838
2018-12-17,-0.019785303641990347
2018-12-18,-0.007084228660692251
2018-12-19,-0.013327833234716502
2018-12-20,-0.01720062275158772
2018-12-21,-0.00538725377067754
2018-12-24,-0.03155995413591672
2018-12-26,0.04422451386486207
2018-12-27,0.012126529054241905
2018-12-28,-0.001224533817395584
2019-01-02,-0.00028676224471862983
2019-01-03,-0.02257875562573925
2019-01-04,0.020636707731054086
2019-01-07,0.004274928919709082
2019-01-08,0.005694587392959768
2019-01-09,0.00216882648982925
2019-01-10,0.0037323129855131826
2019-01-11,0.001171950200280178
2019-01-14,-0.0025552524818747467
2019-01-15,0.010967120185996467
2019-01-16,-0.0028766293323275447
2019-01-17,0.0029962170350999375
2019-01-18,0.01577995748896126
2019-01-22,-0.008971958238247963
2019-01-23,0.005819424585825653
2019-01-24,-0.00010826569616734303
2019-01-25,0.0019129655295525652
2019-01-28,-0.0007300854905153823
2019-01-29,0.0005955781366674412
2019-01-30,0.007155319491769089
2019-02-01,0.0032089478722437115
2019-02-04,0.008222613062099725
2019-02-05,-0.0007995848255654157
2019-02-06,0.001787565375289886
2019-02-07,-0.007308581602590124
2019-02-08,-0.0018485179864118795
2019-02-11,-0.0026180887877658154
2019-02-12,0.011984573891241931
2019-02-13,0.004594155346938348
2019-02-14,-0.00950616181403061
2019-02-15,0.010366363425589548
2019-02-19,0.001699051415270943
2019-02-20,-0.0006538123547818894
2019-02-21,-0.0038478996921218578
2019-02-22,0.0001253061498120042
2019-02-25,-0.0003463858825548395
2019-02-26,-0.004212741698444983
2019-02-27,-0.01033480146643019
2019-03-01,0.0028268365851859423
2019-03-04,0.002393817058515986
2019-03-05,0.00330201326010287
2019-03-06,-0.003948329352895556
2019-03-07,-0.00774938318742084
2019-03-08,-0.003972855814992503
2019-03-11,0.013817530151532836
2019-03-12,0.0021418168183080966
2019-03-13,0.004895281620497348
2019-03-14,-0.0019593123906695526
2019-03-15,0.009198977044993678
2019-03-18,0.0023613119803964026
2019-03-19,0.0034684227392814257
2019-03-20,-0.004290530486728647
2019-03-21,0.008259771078483722
2019-03-22,-0.012381106297969548
2019-03-25,-0.0006013080857954936
2019-03-26,0.0098273974504812
2019-03-27,-0.004437864802150303
2019-03-28,0.0047564089902030655
2019-04-01,0.007726759879218735
2019-04-02,-0.001851376614407218
2019-04-03,0.0022888546638601156
2019-04-04,0.0018764546571317072
2019-04-05,0.004531669851894136
2019-04-08,0.0031070465817563692
2019-04-09,-0.004403805487949249
2019-04-10,0.002157607607158399
2019-04-11,0.00031607651406070783
2019-04-12,0.004151509157726966
2019-04-15,0.004773438546221308
2019-04-16,0.0028067127997703804
2019-04-17,0.0029079354022942937
2019-04-18,-0.0017007827419772159
2019-04-22,0.0027140031567150745
2019-04-23,0.004087639280141597
2019-04-24,-0.001655402348190397
2019-04-25,0.004406303606127621
2019-04-26,-0.002748666775490319
2019-04-29,0.0004166020626373058
2019-05-01,-0.006255066671528781
2019-05-02,-0.004442781292577178
2019-05-03,0.010940326882682176
2019-05-06,-0.004677216484790256
2019-05-07,-0.016310107450940747
2019-05-08,-0.0012090053685419862
2019-05-09,-0.002739890316121745
2019-05-10,0.006153191699493445
2019-05-13,-0.027758793174182075
2019-05-14,0.009940086328321478
2019-05-15,0.012279938794604253
2019-05-16,0.008906392552565163
2019-05-17,-0.00787498276145924
2019-05-20,-0.011196412213248713
2019-05-21,0.004424858790158809
2019-05-22,-0.0009141176294419123
2019-05-23,-0.015576681516405505
2019-05-24,0.0005536557204065841
2019-05-28,2.741884440273976e-05
2019-05-29,-0.007169474973152994
2019-05-30,0.004145384150518
2019-06-03,-0.0100520746355858
2019-06-04,0.018772276989484617
2019-06-05,0.015769409402067322
2019-06-06,0.007024905295972151
2019-06-07,0.014291233872387706
2019-06-10,0.004868347933188142
2019-06-11,-0.0005218939933336802
2019-06-12,0.0005594015207501718
2019-06-13,0.0026319207408185305
2019-06-14,0.004299135472144413
2019-06-17,0.0015294798254436614
2019-06-18,0.0016576457425215593
2019-06-19,0.004763020942915181
2019-06-20,0.011011810860270903
2019-06-21,-0.0008847081089731048
2019-06-24,0.00021102254394908342
2019-06-25,-0.010670679397922416
2019-06-26,-0.003946533837291398
2019-06-27,0.002494523891795084
2019-07-01,0.005264249145253603
2019-07-02,0.005724053060391456
2019-07-03,0.0089598366910492
2019-07-05,-0.0019034078891901549
2019-07-08,0.0014129460615228216
2019-07-09,0.0011480018849780627
2019-07-10,0.004996499699997297
2019-07-11,0.00950972729703985
2019-07-12,0.006546127305775706
2019-07-15,-0.00010136360600529953
2019-07-16,-0.002104378047464307
2019-07-17,-0.002794774669528162
2019-07-18,0.0003716307244805983
2019-07-19,-0.007643885558022053
2019-07-22,0.0010024392107494226
2019-07-23,0.007143244813657124
2019-07-24,0.0016983413149622597
2019-07-25,-0.005327406206381784
2019-07-26,0.0076798148271468225
2019-07-29,-0.0012207126593253696
2019-07-30,0.0011046953079730873
2019-08-01,-0.007260868015772863
2019-08-02,-0.0031575377789933913
2019-08-05,-0.029700732967468908
2019-08-06,0.01489947478365761
2019-08-07,0.005417607868859552
2019-08-08,0.016780863482561376
2019-08-09,-0.005225268959773176
2019-08-12,-0.013412699262179797
2019-08-13,0.013784906621968171
2019-08-14,-0.025305158594906788
2019-08-15,0.014292781580583676
2019-08-16,0.009614609016206203
2019-08-19,0.00871320580156893
2019-08-20,-0.005612132289004977
2019-08-21,0.007787500672591435
2019-08-22,-0.000419749441194719
2019-08-23,-0.01932628117342502
2019-08-26,0.011007087086077855
2019-08-27,0.002994046610908814
2019-08-28,0.008558664058737946
2019-08-29,0.010937601731962916
2019-09-03,-0.0071843948841386115
2019-09-04,0.011931608662892059
2019-09-05,0.007414067372893155
2019-09-06,0.0023393380981898636
2019-09-09,-0.0027567075051020996
2019-09-10,-0.0023928744957898403
2019-09-11,0.004562151813942135
2019-09-12,0.004765498339509937
2019-09-13,-0.0019985779866285415
2019-09-16,-0.006639490301791411
2019-09-17,0.004007627744842603
2019-09-18,0.0025563593987263313
2019-09-19,-0.0016555276506738828
2019-09-20,-0.00501015631540402
2019-09-23,0.003577391544974293
2019-09-24,-0.0036387335408134217
2019-09-25,0.0050708575852703944
2019-09-26,-0.0027309233968021607
2019-09-27,-0.00532166413166515
2019-10-01,-0.007333258208823868
2019-10-02,-0.017013685491252102
2019-10-03,0.005855429559301111
2019-10-04,0.01546103637891023
2019-10-07,-0.004166402543471955
2019-10-08,-0.00958334548749133
2019-10-09,0.007334604414367384
2019-10-10,0.005916504820460097
2019-10-11,0.008658703907418509
2019-10-14,-0.0021255960574283798
2019-10-15,0.0058167376246848765
2019-10-16,0.0005742832061424657
2019-10-17,0.005122533534641925
2019-10-18,-0.004431881237056955
2019-10-21,0.005797630512349752
2019-10-22,0.003923564627117218
2019-10-23,0.003598264889019466
2019-10-24,-0.0011890681946358042
2019-10-25,0.0013118941111196953
2019-10-28,0.00577742141181258
2019-10-29,-0.009186968893937107
2019-10-30,0.005802016752084397
2019-11-01,0.008108194769339244
2019-11-04,-0.002095753769351586
2019-11-05,-0.0013020608627464325
2019-11-06,0.0035849628896219557
2019-11-07,0.004616405746761594
2019-11-08,0.0007764262703403814
2019-11-11,-0.003376366677347933
2019-11-12,-0.0012598985766483948
2019-11-13,0.004062408674432739
2019-11-14,0.0007110765352836327
2019-11-15,0.00677994155730374
2019-11-18,0.007028902682322776
2019-11-19,-0.00803713386313256
2019-11-20,-0.003292903165163016
2019-11-21,-0.0012599969719860947
2019-11-22,0.0014960846224840692
2019-11-25,0.008218067413218785
2019-11-26,0.0022659130365112533
2019-11-27,0.0021684593416426224
2019-12-02,-0.007915116380599638
2019-12-03,-0.00808768205191368
2019-12-04,0.008267636765511113
2019-12-05,0.0029494840780716755
2019-12-06,0.009014544875115167
2019-12-09,-0.002700784394228728
2019-12-10,0.0012302757320835967
2019-12-11,0.00454248935316141
2019-12-12,0.011891130417335062
2019-12-13,0.0003124418670214479
2019-12-16,0.006726437742094493
2019-12-17,0.0041211071949987564
2019-12-18,-0.0021326239806476665
2019-12-19,0.005219657716668016
2019-12-20,0.004851214041215031
2019-12-23,0.001290896285033043
2019-12-24,-2.0573833248253457e-05
2019-12-26,0.005365505776104084
2019-12-27,-0.00048657423949294233
2019-12-30,-0.00535917644331163
2020-01-02,0.009140179842625799
2020-01-03,-0.010380000068532983
2020-01-06,0.00431347152509566
2020-01-07,-0.004443749383654041
2020-01-08,0.008886488982387936
2020-01-09,0.008818192513977984
2020-01-10,-0.00093438627884892
2020-01-13,0.008912022152156484
2020-01-14,-0.003603432382013293
2020-01-15,0.0036021267933412566
2020-01-16,0.009261466258055021
2020-01-17,0.0038943776338232084
2020-01-21,-0.003254105417172173
2020-01-22,-0.0011144501471948114
2020-01-23,0.001248668282639075
2020-01-24,-0.009721618809841548
2020-01-27,-0.017360655258204363
2020-01-28,0.012727422865737513
2020-01-29,0.0035311389917534923
2020-01-30,0.00046513415805106727
2020-02-03,0.009859006578369153
2020-02-04,0.012767566951298596
2020-02-05,0.00586281161399868
2020-02-06,0.006033001253534727
2020-02-07,-0.002336799412806409
2020-02-10,0.01095567009118908
2020-02-11,-0.004207445321520942
2020-02-12,0.008035590713232128
2020-02-13,-0.0005223427456545011
2020-02-14,0.0042960291434953795
2020-02-18,-0.00034244229007163537
2020-02-19,0.006276335849511399
2020-02-20,-0.004959821364937426
2020-02-21,-0.011756898646235456
2020-02-24,-0.03991544626525541
2020-02-25,-0.02932778089434332
2020-02-26,-0.0008420707594638166
2020-02-27,-0.048907248419470015
2020-03-02,0.052926541197475814
2020-03-03,-0.024147455795943903
2020-03-04,0.04879112096026757
2020-03-05,-0.025709339982133234
2020-03-06,-0.01360746457825002
2020-03-09,-0.05103186606314357
2020-03-10,0.0454839630006855
2020-03-11,-0.049324255099708066
2020-03-12,-0.08617391263516445
2020-03-13,0.08903483184070352
2020-03-16,-0.09829962674562832
2020-03-17,0.07675078962821985
2020-03-18,-0.022637883097480264
2020-03-19,-0.008972181745467041
2020-03-20,-0.04892022632437247
2020-03-23,-0.005703258163386056
2020-03-24,0.06258887670311589
2020-03-25,-0.01427754102317448
2020-03-26,0.04958939455574182
2020-03-27,-0.021916761697457262
2020-03-30,0.04655444907410942
2020-04-01,-0.027273219683737693
2020-04-02,0.02669928374687025
2020-04-03,-0.009492820526494701
2020-04-06,0.060514816445600125
2020-04-07,-0.007058378271175904
2020-04-08,0.02477478213251399
2020-04-09,-0.003491357970774807
2020-04-13,-0.006969942881259865
2020-04-14,0.038131280285742565
2020-04-15,-0.011705245358808276
2020-04-16,0.010818200894243726
2020-04-17,0.01399590273733465
2020-04-20,-0.015701493178213663
2020-04-21,-0.02536066172401399
2020-04-22,0.023452332651383433
2020-04-23,0.003353325691600259
2020-04-24,0.007220051367504125
2020-04-27,-0.0002271107106967636
2020-04-28,-0.012456395764523044
2020-04-29,0.024593596566444966
2020-05-01,-0.0249624734049265
2020-05-04,0.0037919922756272807
2020-05-05,0.0075401406154589805
2020-05-06,-0.0068856160677387155
2020-05-07,0.0005727737257782468
2020-05-08,0.019250914583238923
2020-05-11,-0.0003915945692476452
2020-05-12,-0.01573577006342138
2020-05-13,-0.012872468922161552
2020-05-14,0.003388529607470467
2020-05-15,0.008586988138615706
2020-05-18,0.024293401907246825
2020-05-19,-0.010361224447964262
2020-05-20,0.020543476242723735
2020-05-21,-0.00955628918330111
2020-05-22,-0.00023403915203821623
2020-05-26,0.008092141169011151
2020-05-27,0.005367943147353698
2020-05-28,-0.00020379352232163567
2020-06-01,0.006927872290546617
2020-06-02,0.004941763256066534
2020-06-03,0.006059043382809438
2020-06-04,-0.006984848756268618
2020-06-05,0.01990135388088242
2020-06-08,0.006373722807593334
2020-06-09,0.0021460381333181064
2020-06-10,0.0010758353306009323
2020-06-11,-0.044213820921925
2020-06-12,0.0036594039697500375
2020-06-15,0.0062618657709873765
2020-06-16,0.019050954738103126
2020-06-17,-0.0035561788521440534
2020-06-18,0.00023913371893931573
2020-06-19,-0.0007453832806273647
2020-06-22,0.005003278793609665
2020-06-23,0.005815603732446723
2020-06-24,-0.020067208523560892
2020-06-25,0.00765254764878357
2020-06-26,-0.030942505687188152
2020-06-29,0.015424904214276782
2020-07-01,0.008054428819923392
2020-07-02,0.0012448560073338869
2020-07-06,0.01937639972055356
2020-07-07,0.002577278126023976
2020-07-08,0.009742763771615304
2020-07-09,0.009132717223989988
2020-07-10,0.005704043846523754
2020-07-13,-0.010473048299485244
2020-07-14,0.012783899858608342
2020-07-15,-0.0027498878147431
2020-07-16,-0.002469562532104548
2020-07-17,-0.0008282897973172572
2020-07-20,0.016486178498769904
2020-07-21,-0.004483952677966187
2020-07-22,0.0020340872605630576
2020-07-23,-0.018350822705013745
2020-07-24,-0.0026881058345852296
2020-07-27,0.00826353299201158
2020-07-28,-0.006070890544927635
2020-07-29,0.005238700016494082
2020-07-30,0.005017019352975473
2020-08-03,0.007422301111931401
2020-08-04,0.012909098450682529
2020-08-05,0.0043520020571512705
2020-08-06,0.005593332671166859
2020-08-07,-0.003910242014484697
2020-08-10,0.007070802004977558
2020-08-11,-0.013999837511039148
2020-08-12,0.023156810599449348
2020-08-13,-0.0012383585492830875
2020-08-14,-0.0003010719623211482
2020-08-17,0.01468464822517828
2020-08-18,0.00331448413509164
2020-08-19,-0.0052693008375695035
2020-08-20,0.002782418187639429
2020-08-21,0.014697456407465722
2020-08-24,0.007508091620391084
2020-08-25,0.001281703923432186
2020-08-26,0.009145006085225171
2020-08-27,0.00013721551540041635
2020-08-28,0.009364354854127819
2020-09-01,0.015444743152920878
2020-09-02,0.013203528258615519
2020-09-03,-0.043460887901526996
2020-09-04,-0.01201926798593683
2020-09-08,-0.029358604441434205
2020-09-09,0.028167431346616034
2020-09-10,-0.021424413399463167
2020-09-11,-0.0007247948788950656
2020-09-14,0.013820277980128474
2020-09-15,0.005905662495573799
2020-09-16,-0.01289442158182348
2020-09-17,-0.008242710235728139
2020-09-18,-0.011028530792487706
2020-09-21,-0.0006678763926912885
2020-09-22,0.014726746496530368
2020-09-23,-0.022778746636898467
2020-09-24,0.006744645066454029
2020-09-25,0.013590238608349244
2020-09-28,0.013355369983079545
2020-09-29,-0.0006154725988963132
2020-10-01,0.0027892548117823546
2020-10-02,-0.005781263467037851
2020-10-05,0.014423770366769395
2020-10-06,-0.010491931353859578
2020-10-07,0.013739981120069897
2020-10-08,0.008893990713277958
2020-10-09,0.0097511248954037
2020-10-12,0.014439482572220217
2020-10-13,-0.0036299652129909293
2020-10-14,-0.005822684769439391
2020-10-15,0.00015462658592081566
2020-10-16,0.004722253866254317
2020-10-19,-0.015087146938683823
2020-10-20,0.006816256876871946
2020-10-21,-0.002152562465206737
2020-10-22,0.0029810036836673227
2020-10-23,0.002479345544122787
2020-10-26,-0.0178393263703794
2020-10-27,-0.0026078545847867353
2020-10-28,-0.03456725563060629
2020-10-29,0.006422427141690048
2020-11-02,0.016535361352711993
2020-11-03,0.019182405901641157
2020-11-04,0.005652539878401454
2020-11-05,0.018785180985355775
2020-11-06,-0.0010443510321991255
2020-11-09,0.012106956230929555
2020-11-10,0.008243355445111388
2020-11-11,0.002760397053119161
2020-11-12,-0.0022352795588301286
2020-11-13,0.0098587390347035
2020-11-16,0.007977599148289454
2020-11-17,-0.009001638790893116
2020-11-18,-0.008709978856332944
2020-11-19,0.0028919990806852655
2020-11-20,-0.006484087203063465
2020-11-23,0.004971432377715013
2020-11-24,0.010768460869276951
2020-11-25,-0.0025197975222870316
2020-11-27,0.0025068825596016716
2020-12-01,0.007741444014505342
2020-12-02,-2.79817166561132e-05
2020-12-03,-0.004043154145630676
2020-12-04,0.01007763273589767
2020-12-07,-0.0041147907092133566
2020-12-08,0.004837470823027516
2020-12-09,-0.002933709331812728
2020-12-10,-0.007144588258820857
2020-12-11,0.0001000090968968746
2020-12-14,-0.004568440232284718
2020-12-15,0.009342286968824326
2020-12-16,-0.0012187317134564205
2020-12-17,0.006000880985526403
2020-12-18,0.0024027020128770653
2020-12-21,-0.0029821292340343857
2020-12-22,-0.006114442866129639
2020-12-23,0.0019474124597970138
2020-12-24,0.005945710363525029
2020-12-28,0.0063648376249718225
2020-12-29,-0.0023820650037475874
2020-12-30,0.004405121072057627
2021-01-04,-0.010256582477677774
2021-01-05,0.0025013207467125876
2021-01-06,0.005502772101737651
2021-01-07,0.013311662171769004
2021-01-08,0.005000167773265632
2021-01-11,-0.006487237460569832
2021-01-12,0.0031802906357368543
2021-01-13,0.0011625609129349416
2021-01-14,-0.0026722638956102295
2021-01-15,-0.01005344392419355
2021-01-19,0.005049941468727194
2021-01-20,0.00941744297567488
2021-01-21,0.004088093685419037
2021-01-22,0.00030529683423927677
2021-01-25,0.0013054054275140657
2021-01-26,0.004826495006587696
2021-01-27,-0.026925608315158445
2021-01-28,0.007319507637426881
2021-02-01,0.011900790465457636
2021-02-02,0.01414601925933414
2021-02-03,0.0013240482088991412
2021-02-04,0.01029688563070825
2021-02-05,0.004071170552714427
2021-02-08,0.011524224327959739
2021-02-09,-0.0018428771141421494
2021-02-10,-0.0004557163516712843
2021-02-11,-0.0030633667303083772
2021-02-12,0.005321066562524216
2021-02-16,0.004771424839269364
2021-02-17,0.003736083855503852
2021-02-18,-0.0024367321552711133
2021-02-19,0.0027584454898354925
2021-02-22,-0.002643476835555474
2021-02-23,-0.0035103106709018584
2021-02-24,0.006549313813742866
2021-02-25,-0.01989233814737763
2021-03-01,0.023251292481662834
2021-03-02,-0.007705664214910048
2021-03-03,-0.010055218052124828
2021-03-04,-0.0056356609346168655
2021-03-05,0.02473455235251098
2021-03-08,-0.00925538345066898
2021-03-09,0.008810147574338033
2021-03-10,0.007642513268066754
2021-03-11,0.008736685811801046
2021-03-12,0.0051297687438671465
2021-03-15,0.003114293480710225
2021-03-16,-0.0010755631615596071
2021-03-17,0.003907149032145463
2021-03-18,-0.016273531011706713
2021-03-19,-0.0004870698277383951
2021-03-22,0.0007726742408292505
2021-03-23,-0.007244845076717158
2021-03-24,0.004691843593062426
2021-03-25,0.0038542681928801902
2021-03-26,0.019431446370375267
2021-03-29,-0.002801174708237342
2021-03-30,-0.006238509366299122
2021-04-01,0.010009198932774806
2021-04-05,0.011445227724199604
2021-04-06,-0.006659246172262697
2021-04-07,0.006591501580510738
2021-04-08,-0.00018125548078999393
2021-04-09,0.0058274149952081316
2021-04-12,-0.002306302046497101
2021-04-13,-0.002127481515119827
2021-04-14,0.0009589191727889533
2021-04-15,0.009054007577722992
2021-04-16,0.003269619326996742
2021-04-19,-0.002759927771690366
2021-04-20,-0.005354235791710909
2021-04-21,0.007505515571920439
2021-04-22,-0.013156030093572944
2021-04-23,0.01072772373914411
2021-04-26,-0.0019609035030042467
2021-04-27,0.0015146042522967166
2021-04-28,0.006436362689797
2021-04-29,0.014864499760591933
2021-05-03,0.007259735389942953
2021-05-04,0.002359679696738027
2021-05-05,0.0048539121342483825
2021-05-06,0.010831184788286676
2021-05-07,0.005850295357695851
2021-05-10,-0.006261286260088425
2021-05-11,-0.015438158354805335
2021-05-12,-0.014144955579818212
2021-05-13,0.011294817017980217
2021-05-14,0.013735260023470546
2021-05-17,0.002929712863778573
2021-05-18,-0.012500685262450613
2021-05-19,-0.006140592734116296
2021-05-20,0.004474954029308476
2021-05-21,0.0016501777051067211
2021-05-24,0.009802566832230722
2021-05-25,-0.0025970639240505567
2021-05-26,0.0020213314474492434
2021-05-27,0.003906535357440318
2021-06-01,-0.004735319939262681
2021-06-02,0.004387098190772332
2021-06-03,0.0031714817410665105
2021-06-04,0.006442001921407774
2021-06-07,-0.0043742770392129265
2021-06-08,-0.004447799346443563
2021-06-09,-0.00518253465446691
2021-06-10,0.00011923625431254904
2021-06-11,-0.0018635905736634332
2021-06-14,0.0012100971172985698
2021-06-15,-0.003872962546410886
2021-06-16,-0.008786697507193348
2021-06-17,0.005121872764889427
2021-06-18,-0.013169568383012547
2021-06-21,0.011244808149790666
2021-06-22,0.008320676885271008
2021-06-23,-0.0008521494285715526
2021-06-24,0.0067074298173327345
2021-06-25,0.002727684377446964
2021-06-28,0.009776229923137736
2021-06-29,-0.0020334001130327306
2021-07-01,0.002996761482310685
2021-07-02,0.012944156483475666
2021-07-06,0.00263091473661081
2021-07-07,0.0019230961017842492
2021-07-08,-0.00532148145059462
2021-07-09,0.006495342256533756
2021-07-12,0.002146099250254239
2021-07-13,0.0016651359306409591
2021-07-14,0.0010315252337344408
2021-07-15,-0.005803316788499849
2021-07-16,-0.009235418285173819
2021-07-19,-0.010279984204611388
2021-07-20,0.006302741118927561
2021-07-21,0.011109008871666482
2021-07-22,0.00504128243305222
2021-07-23,0.010915383265546185
2021-07-26,0.0021531219620158017
2021-07-27,-0.0037317851878132706
2021-07-28,-0.0009671963262069825
2021-07-29,0.0026125501617128935
2021-08-02,-0.002456899692587949
2021-08-03,0.0073607057793513035
2021-08-04,-0.001498874755149175
2021-08-05,0.008867245303560894
2021-08-06,-0.0034175136281007095
2021-08-09,0.0005081448660194336
2021-08-10,-0.0010707134410679147
2021-08-11,-0.0014194522856200574
2021-08-12,0.005322441481766405
2021-08-13,0.006065749328752109
2021-08-16,0.006466302632325841
2021-08-17,-0.004978880813969242
2021-08-18,-0.013445819825455396
2021-08-19,0.011803610725410163
2021-08-20,0.01235271774595214
2021-08-23,0.007006662819240035
2021-08-24,-0.004743143895115558
2021-08-25,0.00021761475381853847
2021-08-26,-0.006630100896124506
2021-08-27,0.006888162123561719
2021-08-30,0.008820775303852627
2021-09-01,0.002804895048720548
2021-09-02,0.0015564080948254992
2021-09-03,0.003875176082310207
2021-09-07,-0.0018861068597856305
2021-09-08,-0.0024269670114992047
2021-09-09,-0.006410278371089596
2021-09-10,-0.007796287710527097
2021-09-13,0.0011807849248808965
2021-09-14,-0.0015498533439730967
2021-09-15,0.006278823676008568
2021-09-16,-0.0009534259554364933
2021-09-17,-0.00888604351381816
2021-09-20,-0.018852915904635035
2021-09-21,0.0021341234433910694
2021-09-22,0.005103212333532186
2021-09-23,0.006113904358535453
2021-09-24,0.002581145969911362
2021-09-27,-0.010466238198511807
2021-09-28,-0.02437590765629825
2021-09-29,0.0015296280181613185
2021-10-01,0.006094744694301692
2021-10-04,-0.011716584669913292
2021-10-05,0.011456894366875341
2021-10-06,0.00727603664047723
2021-10-07,0.00971580750621796
2021-10-08,-0.00019696477625271997
2021-10-11,-0.0030353140734041884
2021-10-12,-0.0066446774393636105
2021-10-13,-0.00020398353111456138
2021-10-14,0.015411300970345487
2021-10-15,0.0074664317008726645
2021-10-18,0.0034237397806407355
2021-10-19,0.009290041586548342
2021-10-20,0.002702798727299625
2021-10-21,0.0036481557094945444
2021-10-22,0.0020703386178612614
2021-10-25,0.005049395063481077
2021-10-26,0.004782097977791229
2021-10-27,0.004639969742416284
2021-10-28,0.004674648209329768
2021-11-01,-0.002320924848595381
2021-11-02,0.0036223651695502413
2021-11-03,0.0027084500261155484
2021-11-04,0.0151539921922258
2021-11-05,-0.00011941287527298858
2021-11-08,0.0038597658576117015
2021-11-09,0.0026686354536139476
2021-11-10,-0.011341167496698775
2021-11-11,0.0038014419473493817
2021-11-12,0.0030723238348184002
2021-11-15,5.946135291093216e-06
2021-11-16,0.00651472198930373
2021-11-17,-0.005138599812265609
2021-11-18,0.009968780932526029
2021-11-19,-0.004581804457658687
2021-11-22,0.0030703198295943222
2021-11-23,0.01011207342758515
2021-11-24,0.0058125467802437195
2021-11-26,-0.022035910768612135
2021-11-29,0.013953010442462487
2021-12-01,-0.006588919034234671
2021-12-02,0.007499828286917951
2021-12-03,-0.004298454599641436
2021-12-06,0.011045021071440748
2021-12-07,0.022462404564116446
2021-12-08,-0.0021543347461257523
2021-12-09,-0.005106372698836244
2021-12-10,0.024153869394655487
2021-12-13,-0.015487662236199469
2021-12-14,-0.0064079468537103935
2021-12-15,0.021525266973312335
2021-12-16,-0.018799217939467792
2021-12-17,-0.013522057761078341
2021-12-20,-0.001331452448914479
2021-12-21,0.013205926757261883
2021-12-22,0.011035779019274553
2021-12-23,0.004510399161398705
2021-12-27,0.019633751258399078
2021-12-28,-0.00185473761776053
2021-12-29,0.0013058400870579548
2021-12-30,-0.0066693642884617
2022-01-03,0.0029009363997805635
2022-01-04,-0.0005601551064059187
2022-01-05,-0.010731938675874438
2022-01-06,-0.007016615335111289
2022-01-07,-0.008794936045378367
2022-01-10,-0.004514904575775226
2022-01-11,0.0038805921903817563
2022-01-12,0.0016279981090293705
2022-01-13,-0.012117321338257499
2022-01-14,-0.0018727553273771955
2022-01-18,-0.016090387283335457
2022-01-19,-0.0035412466514059297
2022-01-20,-0.011132868799732323
2022-01-21,-0.007941488802661078
2022-01-24,0.003607078218265903
2022-01-25,-0.00350199017293325
2022-01-26,0.004446126664550826
2022-01-27,0.0007799397575451723
2022-01-28,0.01679854790125701
2022-02-01,0.009368615761886228
2022-02-02,0.009472706070223848
2022-02-03,-0.006325088857270168
2022-02-04,-0.003825841123955176
2022-02-07,0.0014246960935833917
2022-02-08,0.002241829029180535
2022-02-09,0.003831323840783275
2022-02-10,-0.014224231322157686
2022-02-11,-0.006477204008840491
2022-02-14,-0.0038163862693837963
2022-02-15,0.007602985922830627
2022-02-16,0.00047638535854784166
2022-02-17,-0.007458451865214702
2022-02-18,-0.005171977599259161
2022-02-22,-0.014124249838078445
2022-02-23,-0.008471076317871907
2022-02-24,-0.004929111914729898
2022-02-25,0.02871430857774425
2022-03-01,-0.007541921085113507
2022-03-02,0.01371269349940378
2022-03-03,0.005183190482855664
2022-03-04,0.008644733943023442
2022-03-07,-0.009882780584473479
2022-03-08,-0.002577558016466596
2022-03-09,0.004761488323594049
2022-03-10,0.00398137259940733
2022-03-11,-0.004063697493296373
2022-03-14,0.0015347773873735885
2022-03-15,0.006145624956562622
2022-03-16,0.0035063560537660714
2022-03-17,0.011330192392685836
2022-03-18,0.0029299776945903295
2022-03-21,0.005823554563067778
2022-03-22,0.0012537620282604823
2022-03-23,-0.005283594569874686
2022-03-24,0.010502489850739902
2022-03-25,0.008328783652344695
2022-03-28,-0.00010645901603646073
2022-03-29,0.007376528249738125
2022-03-30,0.0035306301627975253
2022-04-01,0.007178123259377753
2022-04-04,-0.0008287813935737242
2022-04-05,-0.0018687553968378047
2022-04-06,0.009417594990645295
2022-04-07,0.00864147193582356
2022-04-08,0.0069077077661532545
2022-04-11,-0.0157824099013115
2022-04-12,0.0018940733159898988
2022-04-13,0.011181827940809023
2022-04-14,0.003995228079214291
2022-04-18,-0.0018093808891808836
2022-04-19,0.009540659567153406
2022-04-20,0.010729548339888258
2022-04-21,-0.011130994629833699
2022-04-22,-0.026933975024721918
2022-04-25,1.4681213634474698e-05
2022-04-26,-0.017366215583636747
2022-04-27,0.009543647760310652
2022-04-28,0.018639297682535114
2022-05-02,-0.002379014456955198
2022-05-03,0.0024252547498646226
2022-05-04,0.02577461721416193
2022-05-05,-0.022284932505395205
2022-05-06,5.9474832510062955e-05
2022-05-09,-0.02641072051916943
2022-05-10,-0.0014844794555645521
2022-05-11,-0.0013008927318970832
2022-05-12,-0.001383918280304628
2022-05-13,0.015288795891769397
2022-05-16,0.008653160849615529
2022-05-17,-0.003281314656087931
2022-05-18,-0.04670791038534826
2022-05-19,-0.010275664605343668
2022-05-20,0.0013795464335730244
2022-05-23,0.02344987473380527
2022-05-24,0.008847919740255466
2022-05-25,0.0047515476580394745
2022-05-26,0.01365135205699283
2022-05-27,0.014375514164999078
2022-06-01,-0.004734044730653096
2022-06-02,0.007489008273150701
2022-06-03,-0.0045832833603979
2022-06-06,3.140956060749265e-05
2022-06-07,0.012837655507419877
2022-06-08,-0.0028566935485510783
2022-06-09,-0.02043489103418277
2022-06-10,-0.018135989346325848
2022-06-13,-0.029672437212679762
2022-06-14,-0.009581438384148239
2022-06-15,-0.00013481640740178595
2022-06-16,-0.022772301207222203
2022-06-17,-0.014394465567082296
2022-06-21,0.0336280991596435
2022-06-22,-0.008513561676365949
2022-06-23,-0.0008393687323661253
2022-06-24,0.018572612279005498
2022-06-27,0.005091767536635296
2022-06-28,-0.00627792830639906
2022-06-29,-0.0036364614039320316
2022-07-01,0.01367518146306384
2022-07-05,-0.009035887978144483
2022-07-06,0.00015457359942138807
2022-07-07,0.009588584244578934
2022-07-08,-0.00015909347022935617
2022-07-11,-0.0025377475061904263
2022-07-12,-0.007103312787494672
2022-07-13,-0.0031217784659280387
2022-07-14,-0.004131438814352726
2022-07-15,0.018576951470356016
2022-07-18,-0.005738765045751375
2022-07-19,0.018105937457517672
2022-07-20,-0.002400268240930234
2022-07-21,0.002691058521337201
2022-07-22,-0.0008832464833778087
2022-07-25,0.01020105158513687
2022-07-26,-0.01140030780594275
2022-07-27,0.009747225960529684
2022-07-28,0.010090990673626208
2022-08-01,-0.002164567123688996
2022-08-02,-0.009134848046977204
2022-08-03,0.0014314559579274525
2022-08-04,-0.01184683602245422
2022-08-05,0.007452899280688311
2022-08-08,-0.001083305348990642
2022-08-09,0.0004178871470405343
2022-08-10,0.00918194564554507
2022-08-11,0.0019785893686417293
2022-08-12,0.008610533116301122
2022-08-15,0.002845025876016684
2022-08-16,0.012130601088538553
2022-08-17,-0.001951376200239263
2022-08-18,0.003742388939072323
2022-08-19,-0.005251477487301089
2022-08-22,-0.011978532104629118
2022-08-23,-0.0012565991593023994
2022-08-24,0.001999360333782344
2022-08-25,0.008458450778916757
2022-08-26,-0.024324862624558408
2022-08-29,0.001193456959669071
2022-08-30,-0.012083783187681336
2022-09-01,0.008030694806036392
2022-09-02,-0.009742966919517423
2022-09-06,-0.0031891968564364682
2022-09-07,0.012414595198062588
2022-09-08,0.003109205002134148
2022-09-09,0.009198685391846708
2022-09-12,0.00893185238385582
2022-09-13,-0.03644841352274127
2022-09-14,0.0048128840911979805
2022-09-15,-0.009743467911285839
2022-09-16,-0.0009932287266368367
2022-09-19,0.005554892197902188
2022-09-20,-0.0053608384015608555
2022-09-21,-0.012237665526278703
2022-09-22,-0.0015854767988861453
2022-09-23,-0.01726744206092544
2022-09-26,-0.0043775118567695335
2022-09-27,-0.00423498311356354
2022-09-28,0.015332529824478459
2022-09-29,-0.014212793565463885
2022-10-03,0.024393797690095892
2022-10-04,0.019601537590216073
2022-10-05,0.0029586011438541174
2022-10-06,-0.003977035251593249
2022-10-07,-0.016765181309388238
2022-10-10,-0.007288274870826925
2022-10-11,0.002938767407991648
2022-10-12,-0.0013810605640292835
2022-10-13,0.02133841995309259
2022-10-14,-0.01613736465286524
2022-10-17,0.014334440393416173
2022-10-18,0.009025123146878918
2022-10-19,0.0014458223872448293
2022-10-20,-0.004183867456513797
2022-10-21,0.020703940357826866
2022-10-24,0.014764871695517424
2022-10-25,0.008784477054738291
2022-10-26,0.010456324712669761
2022-10-27,0.0006486952519054177
2022-10-28,0.021997867794617085
2022-11-01,0.0014645815335354382
2022-11-02,-0.015473448738192936
2022-11-03,0.0016436498355180092
2022-11-04,0.01254291299967541
2022-11-07,0.009863093186594594
2022-11-08,0.00415586759280884
2022-11-09,-0.022284892805189308
2022-11-10,0.027438033113669973
2022-11-11,0.001457823300428189
2022-11-14,-0.003668468824237322
2022-11-15,0.005459427586246854
2022-11-16,4.771845173937412e-05
2022-11-17,0.0002635943157707575
2022-11-18,0.006706338438075614
2022-11-21,-0.002587348414823546
2022-11-22,0.01430559227590542
2022-11-23,0.003001418511125057
2022-11-25,0.00219240487748164
2022-11-28,-0.010923801749672961
2022-11-29,0.0010433550039902866
2022-12-01,-0.0031428472223185523
2022-12-02,2.155907931208747e-06
2022-12-05,-0.015056152061753128
2022-12-06,-0.010714842145614493
2022-12-07,0.0015168116374800187
2022-12-08,0.006156450854645583
2022-12-09,-0.012480694434596866
2022-12-12,0.016916252969413216
2022-12-13,0.0026008431848002175
2022-12-14,-0.0019732470846038964
2022-12-15,-0.014901832044547942
2022-12-16,-0.006942834079293319
2022-12-19,0.000378191599014473
2022-12-20,0.005106897029506248
2022-12-21,0.013121781981633612
2022-12-22,-0.009320969155993807
2022-12-23,0.009817418597350245
2022-12-27,0.0062561021494883205
2022-12-28,-0.010040879134297947
2022-12-29,0.006282909293494274
2023-01-03,-0.007300297368519602
2023-01-04,0.0026895424849148527
2023-01-05,-0.0035375330920292933
2023-01-06,0.018356764937775827
2023-01-09,-0.009896107491167434
2023-01-10,0.003773275601534491
2023-01-11,0.003164674750286514
2023-01-12,0.0023269266834596678
2023-01-13,0.0038745414595009265
2023-01-17,-0.0031036811982814135
2023-01-18,-0.021276810558989407
2023-01-19,-0.003988044052073575
2023-01-20,0.008956876667507337
2023-01-23,0.0022093486671404595
2023-01-24,0.006253950936449767
2023-01-25,0.0007175725540567992
2023-01-26,0.01003540965748076
2023-01-27,-0.003744005772881852
2023-01-30,-0.011831850573555382
2023-02-01,0.004046444097605028
2023-02-02,0.013283095116916192
2023-02-03,-0.0009551939987730345
2023-02-06,0.00012202221367347524
2023-02-07,0.008264483854689975
2023-02-08,-0.01038059731304453
2023-02-09,-0.00770998926436278
2023-02-10,0.004561373199064021
2023-02-13,0.010683811464657867
2023-02-14,-0.0049004124138282805
2023-02-15,-0.0005988115022764963
2023-02-16,-0.012101782805734061
2023-02-17,0.003699728431626188
2023-02-21,-0.010007536077997812
2023-02-22,-0.006369138517224903
2023-02-23,0.002152569814846693
2023-02-24,-0.004618053725810349
2023-02-27,0.0016659312780709533
2023-03-01,-0.0008736661894573616
2023-03-02,0.007689451765747706
2023-03-03,0.01952095740996041
2023-03-06,0.001766761395863045
2023-03-07,-0.01600041591568188
2023-03-08,0.0006874382708748216
2023-03-09,-0.018206697737207966
2023-03-10,-0.010651764738996407
2023-03-13,-0.0009177428692746203
2023-03-14,0.019734111493537886
2023-03-15,-0.0093843019923827
2023-03-16,0.01324031420076375
2023-03-17,-0.012327680758781835
2023-03-20,0.014330508986867115
2023-03-21,0.012079554599019549
2023-03-22,-0.01086211346068552
2023-03-23,0.0038879573471820514
2023-03-24,0.0022240484276161653
2023-03-27,0.003934244236793312
2023-03-28,-0.0018678795314798365
2023-03-29,0.008313034081160162
2023-03-30,0.005609783368097468
2023-04-03,0.01519836367814009
2023-04-04,-0.003964863537411109
2023-04-05,0.002963176857534405
2023-04-06,0.005216218025354038
2023-04-10,-0.0020552102568065483
2023-04-11,-0.002684357303313108
2023-04-12,-0.0029011103677982187
2023-04-13,0.013269903094820271
2023-04-14,-0.003383661351053228
2023-04-17,-0.0008433219141986324
2023-04-18,0.004842536585606577
2023-04-19,-0.0035980648904420003
2023-04-20,-0.003739503265003375
2023-04-21,0.0023327306483754535
2023-04-24,0.001684882320629931
2023-04-25,-0.011490544233087091
2023-04-26,0.004621104845333268
2023-04-27,0.025466608687852776
2023-05-01,0.0028090663234695786
2023-05-02,-0.009147505215019195
2023-05-03,-0.008379592683240488
2023-05-04,-0.005484141620536428
2023-05-05,0.01628850706198735
2023-05-08,0.0010210348275350692
2023-05-09,-0.00645336247720493
2023-05-10,0.0029584591895987482
2023-05-11,-0.0018467290283152636
2023-05-12,-0.0007892500659714154
2023-05-15,0.0015460013013402845
2023-05-16,-0.004918548407093096
2023-05-17,0.008458960879766933
2023-05-18,0.008457697144225595
2023-05-19,-0.0019268947462734915
2023-05-22,-0.005785053516723224
2023-05-23,-0.006596649172511526
2023-05-24,-0.0008589117986643064
2023-05-25,0.02710147070178904
2023-05-26,0.010689594661057667
2023-05-30,0.0012275529395952538
2023-06-01,0.011858365104302963
2023-06-02,0.01021699846312379
2023-06-05,0.0008659153719236298
2023-06-06,-0.003842392045294166
2023-06-07,-0.016668895489844772
2023-06-08,0.011467264234697391
2023-06-09,0.0017524263520488615
2023-06-12,0.011997444983713943
2023-06-13,0.005794621923188244
2023-06-14,0.008100246273006928
2023-06-15,0.012021971369907038
2023-06-16,-0.005921377059061538
2023-06-20,0.00107596930450148
2023-06-21,-0.005855004458342908
2023-06-22,0.011869045893913787
2023-06-23,-0.0072746256271098795
2023-06-26,-0.014694201037335073
2023-06-27,0.011547570110636791
2023-06-28,-0.002222265081311902
2023-06-29,-0.0038262148088439906
2023-07-03,0.0006566548573609289
2023-07-05,-0.0013124561774030465
2023-07-06,-0.0085974280061989
2023-07-07,-0.0029321646375395872
2023-07-10,0.0037511630262423877
2023-07-11,0.005537759846987496
2023-07-12,0.011378601467337532
2023-07-13,0.010310217665443254
2023-07-14,0.00020477345258564447
2023-07-17,0.007575487863013831
2023-07-18,0.0034695189521055337
2023-07-19,0.0036397429652921644
2023-07-20,-0.005281127854343653
2023-07-21,-0.0033207860667981977
2023-07-24,0.004121131092443931
2023-07-25,0.006614958387500434
2023-07-26,-0.0012632614270124544
2023-07-27,0.0023867104577610775
2023-07-28,0.016653079158663923
2023-08-01,0.007912786642641025
2023-08-02,-0.017282029352497452
2023-08-03,-0.00061105164481512
2023-08-04,0.0024815054673870793
2023-08-07,0.016207269694814792
2023-08-08,-0.006595992762632847
2023-08-09,-0.012591282494786206
2023-08-10,-0.000463464039868073
2023-08-11,-0.001051787203568715
2023-08-14,0.011540649369853962
2023-08-15,-0.014424434768343384
2023-08-16,-0.009308828134002344
2023-08-17,-0.00476988438602678
2023-08-18,-0.003900207030848277
2023-08-21,0.010860053406822013
2023-08-22,-0.009407218314718798
2023-08-23,0.011901490703251985
2023-08-24,-0.01309355023302584
2023-08-25,0.0022481765531440056
2023-08-28,0.006034106092365256
2023-08-29,0.017223448961368525
2023-08-30,0.0015773601617656756
2023-09-01,0.0014670866710828946
2023-09-05,-0.007493379742886497
2023-09-06,-0.00300268617855101
2023-09-07,0.002921121126713334
2023-09-08,0.001065634762286559
2023-09-11,0.0030835202678257466
2023-09-12,-0.0002701427701461538
2023-09-13,0.0005610974936340657
2023-09-14,0.004274263585009773
2023-09-15,-0.013554467758633667
2023-09-18,0.0031732156828068615
2023-09-19,-0.004855562296798364
2023-09-20,-0.006712360439261381
2023-09-21,-0.017416048764854284
2023-09-22,0.0002384898188454997
2023-09-25,0.00294528324773981
2023-09-26,-0.011247710308160316
2023-09-27,0.003506307040873553
2023-09-28,0.0047468355490034985
2023-10-02,0.0024337424709511973
2023-10-03,-0.009117410396321695
2023-10-04,-0.0013545579931739228
2023-10-05,-0.002067850564915133
2023-10-06,0.0017753436696751283
2023-10-09,0.008871820102378901
2023-10-10,0.0036809970698958834
2023-10-11,-0.004379185164452741
2023-10-12,-0.003063715744338127
2023-10-13,0.004486600084884103
2023-10-16,0.008015343734985967
2023-10-17,0.00013364610893877132
2023-10-18,-0.011238578185688613
2023-10-19,-0.007526957389203321
2023-10-20,-0.011161764544558646
2023-10-23,-0.004497190731329316
2023-10-24,0.002118597230929954
2023-10-25,-0.014849475739490746
2023-10-26,-0.014719326809689437
2023-10-27,-0.014474636644493227
2023-10-30,0.014112183349466392
2023-11-01,0.0054354969183670505
2023-11-02,0.013603549602514465
2023-11-03,-0.0020970558875753084
2023-11-06,0.003951471071900932
2023-11-07,0.0030265094749049285
2023-11-08,-0.0024398677946759644
2023-11-09,-0.0035454769357040022
2023-11-10,0.013717376035121076
2023-11-13,0.0015169617675421907
2023-11-14,0.0066136380577370615
2023-11-15,0.002161958378220849
2023-11-16,-0.008504143499329308
2023-11-17,-0.0005668038328577673
2023-11-20,0.0036050881373994523
2023-11-21,0.002007141137631845
2023-11-22,0.0048275339150590435
2023-11-24,0.0022332130607271485
2023-11-27,-0.0008455230482682085
2023-11-28,0.002649149400940011
2023-11-29,-0.008154983587812185
2023-12-01,0.0006629747487467801
2023-12-04,-0.0032966155337046162
2023-12-05,0.0005824730054062448
2023-12-06,-0.004269929844827197
2023-12-07,0.004790709060319909
2023-12-08,0.0028624361779362164
2023-12-11,-0.0008457401683128472
2023-12-12,0.008302181874980335
2023-12-13,0.009165603133851478
2023-12-14,-0.010080049592742743
2023-12-15,0.003912590889447615
2023-12-18,0.008495288148188012
2023-12-19,0.0036189523819803748
2023-12-20,-0.014072413361531772
2023-12-21,0.006889451376577924
2023-12-22,0.0018976173112638444
2023-12-26,0.002707036658521537
2023-12-27,0.0035446311963210735
2023-12-28,0.0015115294516792185
2024-01-02,-0.006291837034469843
2024-01-03,-0.007586155091637271
2024-01-04,-0.0026971855206426748
2024-01-05,0.0016300397845487875
2024-01-08,0.012697646677969208
2024-01-09,0.002278002795229977
2024-01-10,0.008514728660916961
2024-01-11,0.0019540284576179978
2024-01-12,-0.0005646182452974508
2024-01-16,-0.0018015438289786672
2024-01-17,-0.0024734981049598834
2024-01-18,0.009101336965229757
2024-01-19,0.012118016255807905
2024-01-22,0.00042252944951414796
2024-01-23,0.00035490898743747697
2024-01-24,0.0016491634455671259
2024-01-25,-0.0017172803947093339
2024-01-26,-8.775153218211593e-05
2024-01-29,0.008385506449555378
2024-01-30,0.0009196521219657758
2024-02-01,0.013958808218026635
2024-02-02,0.028611674139785655
2024-02-05,0.00209433459442447
2024-02-06,-0.0006363960391116554
2024-02-07,0.013449701468185143
2024-02-08,-0.002202891936130205
2024-02-09,0.0023787945670098133
2024-02-12,0.0017203084519074835
2024-02-13,-0.010212179715660666
2024-02-14,0.011193543271405768
2024-02-15,0.009883023054666049
2024-02-16,-0.00589704966934334
2024-02-20,-0.011999904019369356
2024-02-21,0.0008758098121657872
2024-02-22,0.03873592684100968
2024-02-23,0.0021751162886314347
2024-02-26,0.0013874747623037454
2024-02-27,0.0011881226385458605
2024-02-28,0.0014366896234628067
2024-03-01,0.01618650357235253
2024-03-04,0.0042090575434532125
2024-03-05,-0.004964784007211555
2024-03-06,0.010166605946834547
2024-03-07,0.013411587364465337
2024-03-08,-0.0232906624866892
2024-03-11,-0.009200684226893031
2024-03-12,0.01850568280599095
2024-03-13,-0.0011606962393047996
2024-03-14,-0.006831968710083437
2024-03-15,-0.0036790864399642615
2024-03-18,0.007354782935657992
2024-03-19,0.00571946533937067
2024-03-20,0.012145825612954757
2024-03-21,0.013964814996673137
2024-03-22,-0.0036265375883140407
2024-03-25,-0.006754690470869082
2024-03-26,-0.005765146181135357
2024-03-27,0.003811815666326228
2024-04-01,-0.00422356813827473
2024-04-02,-0.000751315352101179
2024-04-03,-8.391379812151952e-07
2024-04-04,-0.008010475322932024
2024-04-05,0.013700456621462655
2024-04-08,-0.0037533006454438488
2024-04-09,-0.002642090133358585
2024-04-10,0.0012995473115832623
2024-04-11,0.0024834379892862326
2024-04-12,-0.01740008689573622
2024-04-15,-0.008744982252181482
2024-04-16,-0.0021957417754882697
2024-04-17,-0.00474300107349731
2024-04-18,0.0017015257111134517
2024-04-19,-0.005992794518718515
2024-04-22,0.01176279420990364
2024-04-23,0.01034337500574734
2024-04-24,0.0003443046596702642
2024-04-25,-0.010626307578531943
2024-04-26,0.005307944903155274
2024-04-29,0.0011868809471255533
2024-05-01,-0.007918926543728123
2024-05-02,0.010522279931811998
2024-05-03,0.004555846243219697
2024-05-06,0.009935845200136097
2024-05-07,0.004654417015310098
2024-05-08,-0.0002955114025727862
2024-05-09,0.007736413442176761
2024-05-10,0.004113161722810238
2024-05-13,-0.0004063721316785346
2024-05-14,0.002341154773968607
2024-05-15,0.007574421809034286
2024-05-16,0.006036133294588617
2024-05-17,0.0051292355748243645
2024-05-20,-0.004030470351844202
2024-05-21,0.004606238573382562
2024-05-22,-0.0063671642234328085
2024-05-23,-0.0002980072012041347
2024-05-24,0.005953963261498258
2024-05-28,0.007180810138037526
2024-05-29,-0.008285752564417001
2024-05-30,-0.003890436927468121
2024-06-03,0.0007546488613147743
2024-06-04,0.0040327802846300475
2024-06-05,0.005566257072179996
2024-06-06,0.001533320802601975
2024-06-07,-0.00498620602650726
2024-06-10,0.001983246663374673
2024-06-11,0.0037948763441150585
2024-06-12,8.0825788017006e-05
2024-06-13,0.004852937965248945
2024-06-14,0.0019248857626853423
2024-06-17,0.001889514343090167
2024-06-18,0.002876211040833126
2024-06-20,-0.0011052452715945666
2024-06-21,-0.005011560336774396
2024-06-24,0.003913183489766206
2024-06-25,0.005244002633071814
2024-06-26,0.0024053347823390346
2024-06-27,-0.0002225408512360915
2024-07-01,0.0005976721843148714
2024-07-02,0.006931900288689575
2024-07-03,0.004920084596179822
2024-07-05,0.00826207333008252
2024-07-08,9.649962718586531e-05
2024-07-09,0.00395980952810966
2024-07-10,0.010228169468344315
2024-07-11,-0.017046417412078213
2024-07-12,0.003041224244178493
2024-07-15,0.005051543602633215
2024-07-16,0.008838469923040495
2024-07-17,-0.0006720784439062637
2024-07-18,-0.0081249465625649
2024-07-19,-0.003436989684962443
2024-07-22,0.005431592622039139
2024-07-23,-0.0010734712146660218
2024-07-24,-0.015414743498878664
2024-07-25,-0.007404419288461375
2024-07-26,0.008000913700828834
2024-07-29,-0.0017902758090955527
2024-07-30,-0.006183560619363769
2024-08-01,-0.013454936202831419
2024-08-02,-0.0007026791379376662
2024-08-05,-0.026892696741188084
2024-08-06,0.0059586001364350305
2024-08-07,-0.008045471930993427
2024-08-08,0.02061021541680579
2024-08-09,0.004791679446148503
2024-08-12,0.006481903801118143
2024-08-13,0.010836923449819461
2024-08-14,0.006830046254640063
2024-08-15,0.018394331391783487
2024-08-16,0.0033634172363738173
2024-08-19,0.006724186370278287
2024-08-20,-0.002689672559923317
2024-08-21,0.0030744414690898714
2024-08-22,-0.0044083068681794214
2024-08-23,0.013435966544207931
2024-08-26,0.0024381284783411487
2024-08-27,0.004500737142757645
2024-08-28,-0.0055345913168887125
2024-08-29,-0.0027985258818156813
2024-09-03,-0.007142814051852113
2024-09-04,-0.0006263213073011357
2024-09-05,-0.007276608920846046
2024-09-06,-0.010508600407910178
2024-09-09,0.010488802515380072
2024-09-10,-0.0014228723545114737
2024-09-11,-0.0016855247414238352
2024-09-12,0.005895436668502585
2024-09-13,0.00524011283143176
2024-09-16,0.0036667854903440844
2024-09-17,-0.003346739572755131
2024-09-18,0.0004301134705426386
2024-09-19,0.00561669025621237
2024-09-20,0.004040838982218905
2024-09-23,0.003252127809203644
2024-09-24,0.002287721321249094
2024-09-25,-0.0038058582555609986
2024-09-26,-0.0017970936317658391
2024-09-27,0.0038979360570221646
2024-10-01,0.003148929605619304
2024-10-02,-0.0003913393742717221
2024-10-03,-0.0005722546533771774
2024-10-04,0.004162098991499201
2024-10-07,-0.009871980067129575
2024-10-08,0.0011741306109635749
2024-10-09,0.00762253634468762
2024-10-10,-0.002914834812463327
2024-10-11,0.00682896664522713
2024-10-14,0.003928424520214461
2024-10-15,-0.008606936154892194
2024-10-16,0.00365081139134202
2024-10-17,-0.002878615803604178
2024-10-18,0.002513020228747634
2024-10-21,-0.006963460757953203
2024-10-22,0.0011711500363604257
2024-10-23,-0.005063921399088024
2024-10-24,-0.0025383736640730995
2024-10-25,-0.003984906166225488
2024-10-28,0.004230050905754669
2024-10-29,-0.0070497376413030475
2024-10-30,-0.0023134870642469185
2024-11-01,0.004850094772985779
2024-11-04,-0.003937297008825085
2024-11-05,0.011264986621099501
2024-11-06,0.029428836890202644
2024-11-07,0.0014147830135924587
2024-11-08,0.0008434124029663096
2024-11-11,0.0009005003718168613
2024-11-12,-0.0016443822299915447
2024-11-13,-0.0018001311219539083
2024-11-14,-0.003783202851906554
2024-11-15,-0.003810256751965829
2024-11-18,0.0010273098359731786
2024-11-19,0.003519602145305895
2024-11-20,-0.00300899083086033
2024-11-21,0.010768776266469212
2024-11-22,0.00618774397715066
2024-11-25,0.005201596621292475
2024-11-26,0.005408779456182136
2024-11-27,0.00012399864192356758
2024-12-02,0.0006380199881651826
2024-12-03,-0.0011754784011776898
2024-12-04,0.0007324471759444541
2024-12-05,0.0006907618889360626
2024-12-06,-0.0013256281705350782
2024-12-09,-0.006065255088646822
2024-12-10,-0.0010999819770765222
2024-12-11,0.005111357703800012
2024-12-12,-0.007656829578695929
2024-12-13,-0.002918995482145782
2024-12-16,-0.0028258361131193593
2024-12-17,-0.00257728013064571
2024-12-18,-0.023193741866951213
2024-12-19,-0.00108990331953485
2024-12-20,0.009493420324699811
2024-12-23,0.0023077895049283155
2024-12-24,0.01017934117272798
2024-12-26,0.00035325837129490206
2024-12-27,-0.009079226437570533
2024-12-30,-0.009225868223669104
2025-01-02,-0.003828437864509618
2025-01-03,0.006948551345942019
2025-01-06,0.0019485148337459665
2025-01-07,-0.0064877782579275635
2025-01-08,0.0032344879151361594
2025-01-10,-0.009951117069901278
2025-01-13,-0.0022421636247284193
2025-01-14,0.0006778232544258878
2025-01-15,0.017230084622337632
2025-01-16,-0.004512689179525946
2025-01-17,0.013934238989190358
2025-01-21,0.004820038767058626
2025-01-22,0.004187005194967044
2025-01-23,0.004776936453666313
2025-01-24,0.0002263414370465988
2025-01-27,-0.0038325342626925837
2025-01-28,0.00718574455973224
2025-01-29,-0.0005978829984439845
2025-01-30,0.013323803266341947
2025-02-03,0.0037675730336557494
2025-02-04,0.008304469421295663
2025-02-05,0.0009366900436861296
2025-02-06,0.005046260084015129
2025-02-07,-0.01004512436708529
2025-02-10,0.008346173205949601
2025-02-11,0.007379186633727746
2025-02-12,0.0033896394596304837
2025-02-13,0.009335946025197791
2025-02-14,-0.0074146240467407795
2025-02-18,-0.0032136119989477742
2025-02-19,0.0009769631723710436
2025-02-20,-0.017785875286668962
2025-02-21,-0.008210939141875276
2025-02-24,-0.0080832565866294
2025-02-25,0.004359242497288709
2025-02-26,-0.003884444273021234
2025-02-27,-0.007442745270735191
2025-03-03,-0.010661495748788108
2025-03-04,-0.020187769834689076
2025-03-05,0.0057456686744400765
2025-03-06,-0.01496387359539014
2025-03-07,0.0013013054868869919
2025-03-10,-0.021461747102855307
2025-03-11,-0.009807977670136142
2025-03-12,-0.004463009298133461
2025-03-13,-0.015009968783242829
2025-03-14,0.01508194853812874
2025-03-17,0.006716010232327658
2025-03-18,-0.00785510479869139
2025-03-19,0.010234482510284734
2025-03-20,-0.0018827088066075432
2025-03-21,0.0034005814552370613
2025-03-24,0.013320858655527538
2025-03-25,0.00044673839219878833
2025-03-26,-0.0016054725299687199
2025-03-27,0.0011917549704316874
2025-03-28,-0.01586818813608476
2025-04-01,-0.00603583234947416
2025-04-02,-0.0001671888817794231
2025-04-03,-0.01602780555046387
2025-04-04,-0.05693651534706372
2025-04-07,-0.00837188840016793
2025-04-08,-0.001533277173453512
2025-04-09,0.05647992476318147
2025-04-10,-0.019589672676810582
2025-04-11,0.015687864994761574
2025-04-14,0.0026010053829790994
2025-04-15,-0.004543438718660286
2025-04-16,-0.0069220477360558644
2025-04-17,-0.012573000923778242
2025-04-21,-0.024327836004556375
2025-04-22,0.020937192670053263
2025-04-23,0.0006350053509785727
2025-04-24,0.0010607399813866221
2025-04-25,0.0002494805447659723
2025-04-28,0.002962672880090318
2025-04-29,0.002754481063541737
2025-05-01,-0.0006102640523373572
2025-05-02,0.011477684330705342
2025-05-05,-0.002765027484827383
2025-05-06,-0.0033332721949018407
2025-05-07,0.004550390307044793
2025-05-08,-0.0005589925237521826
2025-05-09,-0.0020048489388394936
2025-05-12,0.012025791280014162
2025-05-13,-0.021616948726589244
2025-05-14,-0.0035767307129389017
2025-05-15,0.009410725541537322
2025-05-16,0.009017600436666037
2025-05-19,0.007679664087689647
2025-05-20,-0.001235827687548205
2025-05-21,-0.014110833160818329
2025-05-22,-0.005021735793904478
2025-05-23,-0.0040754006565307515
2025-05-27,0.012216331213479936
2025-05-28,-0.004017795892601252
2025-05-29,0.0036360360287132744
2025-06-02,0.001451699684041055
2025-06-03,6.309749755119775e-05
2025-06-04,-0.0020983779930932177
2025-06-05,-0.0075227155371033645
2025-06-06,0.006084612139208625
2025-06-09,-0.000943303069080585
2025-06-10,0.006067460327253866
2025-06-11,-0.0026134804080479883
2025-06-12,0.00385244695729402
2025-06-13,-0.01112874493267658
2025-06-16,0.00067047317028042
2025-06-17,-0.005552003264256649
2025-06-18,-0.008446221460663421
2025-06-20,-0.0007612396512171254
2025-06-23,0.010269345107889944
2025-06-24,0.0038127115928393747
2025-06-25,-0.003294792088794424
2025-06-26,0.0018121501299636195
2025-06-27,0.0068018699345689625
2025-07-01,0.0009818371852571704
2025-07-02,0.0011270085777804685
2025-07-03,0.007706937113146792
2025-07-07,-0.004236701206930616
2025-07-08,-0.01096001242460526
2025-07-09,0.0043492543006896775
2025-07-10,0.0003558140736889472
2025-07-11,-0.001618395183950327
2025-07-14,0.0016089241364501045
2025-07-15,-0.004774757079274775
2025-07-16,0.00482719403060375
2025-07-17,0.007547954891708803
2025-07-18,-0.0006178478633893487
2025-07-21,0.006736836362506833
2025-07-22,0.001708342367257749
2025-07-23,0.004396449654345849
2025-07-24,0.003641956886833098
2025-07-25,0.002949293610241623
2025-07-28,-0.002279273318971756
2025-07-29,0.005942743138712306
2025-07-30,-0.0032499612699686863
2025-08-01,-0.01674931545453857
2025-08-04,0.018265047142419413
2025-08-05,-0.005578722469266559
2025-08-06,0.003103463526872285
2025-08-07,-0.0038310461190241506
2025-08-08,0.008688570010615224
2025-08-11,-0.004544164129297797
2025-08-12,0.01163481649559914
2025-08-13,-0.0029647337974909346
2025-08-14,0.004081775875821846
2025-08-15,-0.0033406583963679374
2025-08-18,-0.001700332643199281
2025-08-19,-0.0108509603681808
2025-08-20,-0.0001685450513252445
2025-08-21,-0.0005673578449775147
2025-08-22,0.018809533217122008
2025-08-25,0.0001784342746317497
2025-08-26,0.0012583768084787111
2025-08-27,0.0038614588079708655
2025-08-28,0.0060974154136057114
2025-09-02,-0.003986742377092752
2025-09-03,0.008383541002453402
2025-09-04,0.007151028400656784
2025-09-05,-0.007666432218751631
2025-09-08,0.0015138573785055817
2025-09-09,0.0019322424417757894
2025-09-10,0.00840033864149249
2025-09-11,0.007827053570061946
2025-09-12,0.003426427936361971
2025-09-15,0.009064611829912713
2025-09-16,0.0009738139313546447
2025-09-17,-0.0004645907486252853
2025-09-18,0.004338876215605629
2025-09-19,0.005053261788086602
2025-09-22,0.004067882469400257
2025-09-23,-0.0014451045510364747
2025-09-24,-0.0021798696053005238
2025-09-25,0.0013463261374553283
2025-09-26,0.004531588356069508
2025-09-29,-0.002783670801429904
2025-10-01,-0.00043294866464716153
2025-10-02,0.004258756602857008
2025-10-03,0.004676450897898094
2025-10-06,-0.0017115766489102942
2025-10-07,-0.0022509525857763745
2025-10-08,0.00744162104138923
2025-10-09,-0.004992092486933673
2025-10-10,-0.023606589992050127
2025-10-13,0.024159194935945965
2025-10-14,0.003902913854756524
2025-10-15,0.008469806839426716
2025-10-16,-0.0012312143230220015
2025-10-17,0.0029377645608956995
2025-10-20,0.007669497915544084
2025-10-21,-0.008213223998032666
2025-10-22,-0.0031381678958291945
2025-10-23,0.003690639300793326
2025-10-24,0.008299559205614385
2025-10-27,0.010789593014517119
2025-10-28,0.0035716194252972764
2025-10-29,0.018076231238431897
2025-10-30,-0.0029808376170583316
2025-11-03,-0.008433285074011301
2025-11-04,-0.009411132286151981
2025-11-05,0.005446874632696472
2025-11-06,-0.001394844769225602
2025-11-07,0.0008811210690421924
2025-11-10,0.011026652087540736
2025-11-11,0.008469618173760919
2025-11-12,0.002285847957148778
2025-11-13,-0.016183934662979675
2025-11-14,-0.0034601802149674945
2025-11-17,-0.00228747301934796
2025-11-18,-0.0029930332413623415
2025-11-19,0.00795160911968297
2025-11-20,-0.0064350670207477655
2025-11-21,0.011811162342983345
2025-11-24,0.016434533627235955
2025-11-25,0.008467632893625064
2025-11-26,0.006468212669972182
2025-12-01,-0.008298930723221114
2025-12-02,0.0011948197773276508
2025-12-03,0.01000927591013778
2025-12-04,-0.005213235832332678
2025-12-05,0.0010790811680444405
2025-12-08,-0.005443440950017402
2025-12-09,0.0024925138758949495
2025-12-10,0.01114626167857733
2025-12-11,0.0032952319063520074
2025-12-12,-0.011998426570718064
2025-12-15,-0.008101079304670735
2025-12-16,-0.009381246901742994
2025-12-17,-0.009187574690007286
2025-12-18,-0.0012171509209766302
2025-12-19,0.004922947980989495
2025-12-22,0.0012327288323103354
2025-12-23,0.0029695312181440437
2025-12-24,0.005105208599756927
2025-12-26,0.0005762704931218969
2025-12-29,-0.000538352274072391
2025-12-30,-0.0004202624921831932
2026-01-02,0.007261576591308477
2026-01-05,0.007683749741764495
2026-01-06,-0.00427925392024123
2026-01-07,-0.008255769338905337
2026-01-08,0.011534980733599076
2026-01-09,0.007326754847586591
2026-01-12,0.007104201860130862
2026-01-13,0.0051438804314032985
2026-01-14,0.005509333630083369
2026-01-15,-0.002718895107582175
2026-01-16,-0.0005367507670267812
2026-01-20,-0.011447685830673902
2026-01-21,0.009358547970338013
2026-01-22,0.0026878412151501727
2026-01-23,-0.0010169939947406441
2026-01-26,0.006614761428163122
2026-01-27,0.006478949944958378
2026-01-28,0.0021488449990985604
2026-01-29,0.011457554222191628
2026-02-02,0.011499237365215015
2026-02-03,0.01307541917054121
2026-02-04,0.00022856743347039944
2026-02-05,-0.00017663950357361762
2026-02-06,0.013126135221096
2026-02-09,0.0020685422368353946
2026-02-10,-0.007462245302983568
2026-02-11,0.013379748874228721
2026-02-12,-0.0016411884470985448
2026-02-13,0.0003694082093863121
2026-02-17,-0.008746555129016181
2026-02-18,-0.00060175717767354
2026-02-19,0.000913488804499628
2026-02-20,0.0007586967928931232
2026-02-23,0.006470697693604772
2026-02-24,0.004063378686212713
2026-02-25,-0.0016483789547224407
2026-02-26,-0.005827008244384966
2026-03-02,-0.0013221391298302745
2026-03-03,-0.009936247706319838
2026-03-04,-0.001704953132358747
2026-03-05,-0.01539036910007578
2026-03-06,-0.005349424988276607
2026-03-09,0.007178573443313051
2026-03-10,0.0013376170184992344
2026-03-11,-0.0007292441865126447
2026-03-12,-0.0012592045344279816
2026-03-13,-0.0020279046257040247
2026-03-16,0.006161980021419336
2026-03-17,-0.0033143586646043654
2026-03-18,-0.014351217103900808
2026-03-19,-0.003864069281518572
2026-03-20,-0.008618570548045403
2026-03-23,0.011103147546891765
2026-03-24,0.004777989194440141
2026-03-25,0.0033856883437562452
2026-03-26,-0.011234389724130163
2026-03-27,0.0021137028354248776
2026-03-30,0.002367591897168932
2026-04-01,-0.0061541083889262715
2026-04-02,0.0012747544742040874
2026-04-06,0.005461193212750327
2026-04-07,-0.006258264387642725
2026-04-08,0.01465309029443505
2026-04-09,0.010404735744027902
2026-04-10,-0.0077451564841390964
2026-04-13,-0.00293310793100122
2026-04-14,0.0020969336661480873
2026-04-15,-0.004077631564844732
2026-04-16,0.0018528729176932825
2026-04-17,0.006460970744575621
2026-04-20,-0.003203197538305336
2026-04-21,-0.0011368355306228095
2026-04-22,0.006138277550398463
2026-04-23,0.01238748180780328
2026-04-24,0.0018805041421356466
2026-04-27,-0.006947609865300226
2026-04-28,0.005898129903599777
2026-04-29,0.005067701654869276
2026-05-01,-0.0025305856570166764
2026-05-04,-0.0012900178173154654
2026-05-05,0.006477479962148184
2026-05-06,-0.0036153864552327286
2026-05-07,-0.008625853793633967
2026-05-08,0.006301453246705329
2026-05-11,0.004897238153120721
2026-05-12,0.005850954548062195
2026-05-13,0.009119898967717335
2026-05-14,0.009078372240822934
2026-05-15,-0.004817266010137679
2026-05-18,0.004916875435903745
2026-05-19,-0.0005727711495019545
2026-05-20,-0.00643296202581301
2026-05-21,-0.004969117806984538
2026-05-22,-0.00027950930706855564
2026-05-26,-0.010864089835006283
2026-05-27,0.003812966471180201
2026-05-28,-0.0025222221481417703
2026-06-01,0.0045289268694760215
2026-06-02,0.0007552511974911907
2026-06-03,-0.005415923462930897
2026-06-04,-0.00481188059902416
2026-06-05,-0.018081616168783305
2026-06-08,0.0036646465931295265
2026-06-09,-0.0061096078864996
2026-06-10,-0.011341533029595861
2026-06-11,0.0013070647532603297
2026-06-12,0.00014418341963103227
2026-06-15,0.006730942661284926
2026-06-16,-0.004833052735269301
2026-06-17,-0.011350822671356384
2026-06-18,0.0075844111203940395
2026-06-22,-0.011761339048770561
2026-06-23,-0.003911149299893783
2026-06-24,-0.006862682657138099
2026-06-25,-0.0059743737272366015
2026-06-26,0.005033764153541744
2026-06-29,0.006442778425691382
2026-07-01,0.0015662045975358657
2026-07-02,0.013148164189162379
2026-07-06,0.00021656319741389764
2026-07-07,0.0018533994561057486
2026-07-08,-0.0029410342273869425
2026-07-09,0.003419304180080826
2026-07-10,0.001953217734392161
2026-07-13,-0.0005474338255337741
2026-07-14,0.0013012198876797703
2026-07-15,0.0014801055896747147
2026-07-16,0.0007962988576742137
2026-07-17,-0.009019305560855905
2026-07-20,-0.002277480084431519
2026-07-21,0.007375849244502476
2026-07-22,0.001541326649463438
2026-07-23,-0.008782441188911277
2026-07-24,0.007164398830095265
2026-07-27,0.006985253596488935
2026-07-28,0.01050748796872357
2026-07-29,-0.013713680072671082
2026-07-30,0.007143047305178596
2026-08-03,-0.00039871073223422696
2026-08-04,0.008553028653727904
2026-08-05,0.0029676573683681926
2026-08-06,0.001251443913675408
2026-08-07,-0.0004850348951231102
2026-08-10,0.001858861187904309
2026-08-11,-0.0029641909249601994
2026-08-12,0.0006672011804537448
2026-08-13,0.004383718994859474
2026-08-14,-0.0028919797190804417
2026-08-17,-0.004523991582628538
2026-08-18,0.008089834304942412
2026-08-19,-0.0004430774382644756
2026-08-20,-0.0069670222808481605
2026-08-21,0.005374328224730019
2026-08-24,0.007815906949311321
2026-08-25,-0.0003357887524228362
2026-08-26,-0.0017910804071217114
2026-08-27,0.0011994671375440903
